portfolio,profile,view_scenario,method,ticker,risk_contribution
Trustee_Conservative_AbsoluteOnly_MeanVariance,Trustee_Conservative,AbsoluteOnly,MeanVariance,VAS.AX,0.20556091586359584
Trustee_Conservative_AbsoluteOnly_MeanVariance,Trustee_Conservative,AbsoluteOnly,MeanVariance,VSO.AX,0.05248533138832426
Trustee_Conservative_AbsoluteOnly_MeanVariance,Trustee_Conservative,AbsoluteOnly,MeanVariance,VHY.AX,0.029193614044394123
Trustee_Conservative_AbsoluteOnly_MeanVariance,Trustee_Conservative,AbsoluteOnly,MeanVariance,VAP.AX,0.0631311554894743
Trustee_Conservative_AbsoluteOnly_MeanVariance,Trustee_Conservative,AbsoluteOnly,MeanVariance,VGS.AX,0.3603976266022421
Trustee_Conservative_AbsoluteOnly_MeanVariance,Trustee_Conservative,AbsoluteOnly,MeanVariance,VGAD.AX,0.1954857743331993
Trustee_Conservative_AbsoluteOnly_MeanVariance,Trustee_Conservative,AbsoluteOnly,MeanVariance,VGE.AX,0.0
Trustee_Conservative_AbsoluteOnly_MeanVariance,Trustee_Conservative,AbsoluteOnly,MeanVariance,VAF.AX,0.02358148609781755
Trustee_Conservative_AbsoluteOnly_MeanVariance,Trustee_Conservative,AbsoluteOnly,MeanVariance,VBND.AX,0.01418826527216011
Trustee_Conservative_AbsoluteOnly_MeanVariance,Trustee_Conservative,AbsoluteOnly,MeanVariance,QAU.AX,0.055975830908792226
Trustee_Conservative_AbsoluteOnly_MaxSharpe,Trustee_Conservative,AbsoluteOnly,MaxSharpe,VAS.AX,0.18923306601604484
Trustee_Conservative_AbsoluteOnly_MaxSharpe,Trustee_Conservative,AbsoluteOnly,MaxSharpe,VSO.AX,0.028416935292881453
Trustee_Conservative_AbsoluteOnly_MaxSharpe,Trustee_Conservative,AbsoluteOnly,MaxSharpe,VHY.AX,0.056571020537343183
Trustee_Conservative_AbsoluteOnly_MaxSharpe,Trustee_Conservative,AbsoluteOnly,MaxSharpe,VAP.AX,0.04501980104925705
Trustee_Conservative_AbsoluteOnly_MaxSharpe,Trustee_Conservative,AbsoluteOnly,MaxSharpe,VGS.AX,0.38178836126196775
Trustee_Conservative_AbsoluteOnly_MaxSharpe,Trustee_Conservative,AbsoluteOnly,MaxSharpe,VGAD.AX,0.1504960392214176
Trustee_Conservative_AbsoluteOnly_MaxSharpe,Trustee_Conservative,AbsoluteOnly,MaxSharpe,VGE.AX,0.016126962190543537
Trustee_Conservative_AbsoluteOnly_MaxSharpe,Trustee_Conservative,AbsoluteOnly,MaxSharpe,VAF.AX,0.03824035425661965
Trustee_Conservative_AbsoluteOnly_MaxSharpe,Trustee_Conservative,AbsoluteOnly,MaxSharpe,VBND.AX,0.025137076722093945
Trustee_Conservative_AbsoluteOnly_MaxSharpe,Trustee_Conservative,AbsoluteOnly,MaxSharpe,QAU.AX,0.06897038345183093
Trustee_Conservative_RelativeOnly_MeanVariance,Trustee_Conservative,RelativeOnly,MeanVariance,VAS.AX,0.0
Trustee_Conservative_RelativeOnly_MeanVariance,Trustee_Conservative,RelativeOnly,MeanVariance,VSO.AX,0.0
Trustee_Conservative_RelativeOnly_MeanVariance,Trustee_Conservative,RelativeOnly,MeanVariance,VHY.AX,0.1521115713179346
Trustee_Conservative_RelativeOnly_MeanVariance,Trustee_Conservative,RelativeOnly,MeanVariance,VAP.AX,0.03195764993836662
Trustee_Conservative_RelativeOnly_MeanVariance,Trustee_Conservative,RelativeOnly,MeanVariance,VGS.AX,0.46948536625991366
Trustee_Conservative_RelativeOnly_MeanVariance,Trustee_Conservative,RelativeOnly,MeanVariance,VGAD.AX,0.2172770887200575
Trustee_Conservative_RelativeOnly_MeanVariance,Trustee_Conservative,RelativeOnly,MeanVariance,VGE.AX,0.024693167360709273
Trustee_Conservative_RelativeOnly_MeanVariance,Trustee_Conservative,RelativeOnly,MeanVariance,VAF.AX,0.05928744449333897
Trustee_Conservative_RelativeOnly_MeanVariance,Trustee_Conservative,RelativeOnly,MeanVariance,VBND.AX,0.02544859023012126
Trustee_Conservative_RelativeOnly_MeanVariance,Trustee_Conservative,RelativeOnly,MeanVariance,QAU.AX,0.01973912167955824
Trustee_Conservative_RelativeOnly_MaxSharpe,Trustee_Conservative,RelativeOnly,MaxSharpe,VAS.AX,0.0
Trustee_Conservative_RelativeOnly_MaxSharpe,Trustee_Conservative,RelativeOnly,MaxSharpe,VSO.AX,0.0
Trustee_Conservative_RelativeOnly_MaxSharpe,Trustee_Conservative,RelativeOnly,MaxSharpe,VHY.AX,0.1514863441821451
Trustee_Conservative_RelativeOnly_MaxSharpe,Trustee_Conservative,RelativeOnly,MaxSharpe,VAP.AX,0.029966535968008187
Trustee_Conservative_RelativeOnly_MaxSharpe,Trustee_Conservative,RelativeOnly,MaxSharpe,VGS.AX,0.4744868253041319
Trustee_Conservative_RelativeOnly_MaxSharpe,Trustee_Conservative,RelativeOnly,MaxSharpe,VGAD.AX,0.21148860528134494
Trustee_Conservative_RelativeOnly_MaxSharpe,Trustee_Conservative,RelativeOnly,MaxSharpe,VGE.AX,0.024488983239371837
Trustee_Conservative_RelativeOnly_MaxSharpe,Trustee_Conservative,RelativeOnly,MaxSharpe,VAF.AX,0.061243617813702765
Trustee_Conservative_RelativeOnly_MaxSharpe,Trustee_Conservative,RelativeOnly,MaxSharpe,VBND.AX,0.026922877531417595
Trustee_Conservative_RelativeOnly_MaxSharpe,Trustee_Conservative,RelativeOnly,MaxSharpe,QAU.AX,0.019916210679877543
Trustee_Conservative_Combined_MeanVariance,Trustee_Conservative,Combined,MeanVariance,VAS.AX,0.0
Trustee_Conservative_Combined_MeanVariance,Trustee_Conservative,Combined,MeanVariance,VSO.AX,0.004431787086898202
Trustee_Conservative_Combined_MeanVariance,Trustee_Conservative,Combined,MeanVariance,VHY.AX,0.1514627874740136
Trustee_Conservative_Combined_MeanVariance,Trustee_Conservative,Combined,MeanVariance,VAP.AX,0.045760950639334386
Trustee_Conservative_Combined_MeanVariance,Trustee_Conservative,Combined,MeanVariance,VGS.AX,0.38849687368646574
Trustee_Conservative_Combined_MeanVariance,Trustee_Conservative,Combined,MeanVariance,VGAD.AX,0.2851024378263158
Trustee_Conservative_Combined_MeanVariance,Trustee_Conservative,Combined,MeanVariance,VGE.AX,0.03209966298637518
Trustee_Conservative_Combined_MeanVariance,Trustee_Conservative,Combined,MeanVariance,VAF.AX,0.029931745477900024
Trustee_Conservative_Combined_MeanVariance,Trustee_Conservative,Combined,MeanVariance,VBND.AX,0.007125495011664724
Trustee_Conservative_Combined_MeanVariance,Trustee_Conservative,Combined,MeanVariance,QAU.AX,0.055588259811032346
Trustee_Conservative_Combined_MaxSharpe,Trustee_Conservative,Combined,MaxSharpe,VAS.AX,0.0
Trustee_Conservative_Combined_MaxSharpe,Trustee_Conservative,Combined,MaxSharpe,VSO.AX,0.0
Trustee_Conservative_Combined_MaxSharpe,Trustee_Conservative,Combined,MaxSharpe,VHY.AX,0.14549761515862647
Trustee_Conservative_Combined_MaxSharpe,Trustee_Conservative,Combined,MaxSharpe,VAP.AX,0.018509114468181754
Trustee_Conservative_Combined_MaxSharpe,Trustee_Conservative,Combined,MaxSharpe,VGS.AX,0.46275460725932704
Trustee_Conservative_Combined_MaxSharpe,Trustee_Conservative,Combined,MaxSharpe,VGAD.AX,0.19393457716486648
Trustee_Conservative_Combined_MaxSharpe,Trustee_Conservative,Combined,MaxSharpe,VGE.AX,0.02859873272825597
Trustee_Conservative_Combined_MaxSharpe,Trustee_Conservative,Combined,MaxSharpe,VAF.AX,0.055210839283585195
Trustee_Conservative_Combined_MaxSharpe,Trustee_Conservative,Combined,MaxSharpe,VBND.AX,0.025206452585676088
Trustee_Conservative_Combined_MaxSharpe,Trustee_Conservative,Combined,MaxSharpe,QAU.AX,0.07028806135148112
Trustee_Conservative_Combined_Benchmark,Trustee_Conservative,Combined,Benchmark,VAS.AX,0.2537377604635149
Trustee_Conservative_Combined_Benchmark,Trustee_Conservative,Combined,Benchmark,VSO.AX,0.037252417185484325
Trustee_Conservative_Combined_Benchmark,Trustee_Conservative,Combined,Benchmark,VHY.AX,0.07583015217625233
Trustee_Conservative_Combined_Benchmark,Trustee_Conservative,Combined,Benchmark,VAP.AX,0.06089715637756997
Trustee_Conservative_Combined_Benchmark,Trustee_Conservative,Combined,Benchmark,VGS.AX,0.24446507866010095
Trustee_Conservative_Combined_Benchmark,Trustee_Conservative,Combined,Benchmark,VGAD.AX,0.1919293514522128
Trustee_Conservative_Combined_Benchmark,Trustee_Conservative,Combined,Benchmark,VGE.AX,0.020246542612946776
Trustee_Conservative_Combined_Benchmark,Trustee_Conservative,Combined,Benchmark,VAF.AX,0.052966040319899786
Trustee_Conservative_Combined_Benchmark,Trustee_Conservative,Combined,Benchmark,VBND.AX,0.03492685529678118
Trustee_Conservative_Combined_Benchmark,Trustee_Conservative,Combined,Benchmark,QAU.AX,0.02774864545523699
Market_Balanced_AbsoluteOnly_MeanVariance,Market_Balanced,AbsoluteOnly,MeanVariance,VAS.AX,0.17783082123086402
Market_Balanced_AbsoluteOnly_MeanVariance,Market_Balanced,AbsoluteOnly,MeanVariance,VSO.AX,0.12442274787653997
Market_Balanced_AbsoluteOnly_MeanVariance,Market_Balanced,AbsoluteOnly,MeanVariance,VHY.AX,0.0
Market_Balanced_AbsoluteOnly_MeanVariance,Market_Balanced,AbsoluteOnly,MeanVariance,VAP.AX,0.05749944352762545
Market_Balanced_AbsoluteOnly_MeanVariance,Market_Balanced,AbsoluteOnly,MeanVariance,VGS.AX,0.2846448470978341
Market_Balanced_AbsoluteOnly_MeanVariance,Market_Balanced,AbsoluteOnly,MeanVariance,VGAD.AX,0.33827200813021296
Market_Balanced_AbsoluteOnly_MeanVariance,Market_Balanced,AbsoluteOnly,MeanVariance,VGE.AX,0.0
Market_Balanced_AbsoluteOnly_MeanVariance,Market_Balanced,AbsoluteOnly,MeanVariance,VAF.AX,0.004304334185212166
Market_Balanced_AbsoluteOnly_MeanVariance,Market_Balanced,AbsoluteOnly,MeanVariance,VBND.AX,0.0036827903825706826
Market_Balanced_AbsoluteOnly_MeanVariance,Market_Balanced,AbsoluteOnly,MeanVariance,QAU.AX,0.009343007569140775
Market_Balanced_AbsoluteOnly_MaxSharpe,Market_Balanced,AbsoluteOnly,MaxSharpe,VAS.AX,0.1997430795070321
Market_Balanced_AbsoluteOnly_MaxSharpe,Market_Balanced,AbsoluteOnly,MaxSharpe,VSO.AX,0.04585660903421021
Market_Balanced_AbsoluteOnly_MaxSharpe,Market_Balanced,AbsoluteOnly,MaxSharpe,VHY.AX,0.04529630652421109
Market_Balanced_AbsoluteOnly_MaxSharpe,Market_Balanced,AbsoluteOnly,MaxSharpe,VAP.AX,0.0266591131737021
Market_Balanced_AbsoluteOnly_MaxSharpe,Market_Balanced,AbsoluteOnly,MaxSharpe,VGS.AX,0.3863260459876485
Market_Balanced_AbsoluteOnly_MaxSharpe,Market_Balanced,AbsoluteOnly,MaxSharpe,VGAD.AX,0.15494931606761614
Market_Balanced_AbsoluteOnly_MaxSharpe,Market_Balanced,AbsoluteOnly,MaxSharpe,VGE.AX,0.04835373436853532
Market_Balanced_AbsoluteOnly_MaxSharpe,Market_Balanced,AbsoluteOnly,MaxSharpe,VAF.AX,0.022104801389443242
Market_Balanced_AbsoluteOnly_MaxSharpe,Market_Balanced,AbsoluteOnly,MaxSharpe,VBND.AX,0.01346855033998628
Market_Balanced_AbsoluteOnly_MaxSharpe,Market_Balanced,AbsoluteOnly,MaxSharpe,QAU.AX,0.057242443607614726
Market_Balanced_RelativeOnly_MeanVariance,Market_Balanced,RelativeOnly,MeanVariance,VAS.AX,0.0
Market_Balanced_RelativeOnly_MeanVariance,Market_Balanced,RelativeOnly,MeanVariance,VSO.AX,0.0
Market_Balanced_RelativeOnly_MeanVariance,Market_Balanced,RelativeOnly,MeanVariance,VHY.AX,0.18690590364328702
Market_Balanced_RelativeOnly_MeanVariance,Market_Balanced,RelativeOnly,MeanVariance,VAP.AX,0.03683755899102366
Market_Balanced_RelativeOnly_MeanVariance,Market_Balanced,RelativeOnly,MeanVariance,VGS.AX,0.3606970695772223
Market_Balanced_RelativeOnly_MeanVariance,Market_Balanced,RelativeOnly,MeanVariance,VGAD.AX,0.3050705948894019
Market_Balanced_RelativeOnly_MeanVariance,Market_Balanced,RelativeOnly,MeanVariance,VGE.AX,0.08340716352769631
Market_Balanced_RelativeOnly_MeanVariance,Market_Balanced,RelativeOnly,MeanVariance,VAF.AX,0.022743923262240753
Market_Balanced_RelativeOnly_MeanVariance,Market_Balanced,RelativeOnly,MeanVariance,VBND.AX,0.00034840930149301614
Market_Balanced_RelativeOnly_MeanVariance,Market_Balanced,RelativeOnly,MeanVariance,QAU.AX,0.003989376807635015
Market_Balanced_RelativeOnly_MaxSharpe,Market_Balanced,RelativeOnly,MaxSharpe,VAS.AX,0.0
Market_Balanced_RelativeOnly_MaxSharpe,Market_Balanced,RelativeOnly,MaxSharpe,VSO.AX,0.0
Market_Balanced_RelativeOnly_MaxSharpe,Market_Balanced,RelativeOnly,MaxSharpe,VHY.AX,0.18254121369799403
Market_Balanced_RelativeOnly_MaxSharpe,Market_Balanced,RelativeOnly,MaxSharpe,VAP.AX,0.02085417145219116
Market_Balanced_RelativeOnly_MaxSharpe,Market_Balanced,RelativeOnly,MaxSharpe,VGS.AX,0.4131423529762035
Market_Balanced_RelativeOnly_MaxSharpe,Market_Balanced,RelativeOnly,MaxSharpe,VGAD.AX,0.25481248710160637
Market_Balanced_RelativeOnly_MaxSharpe,Market_Balanced,RelativeOnly,MaxSharpe,VGE.AX,0.07934523046978041
Market_Balanced_RelativeOnly_MaxSharpe,Market_Balanced,RelativeOnly,MaxSharpe,VAF.AX,0.03582534057808945
Market_Balanced_RelativeOnly_MaxSharpe,Market_Balanced,RelativeOnly,MaxSharpe,VBND.AX,0.008154481540358888
Market_Balanced_RelativeOnly_MaxSharpe,Market_Balanced,RelativeOnly,MaxSharpe,QAU.AX,0.005324722183776144
Market_Balanced_Combined_MeanVariance,Market_Balanced,Combined,MeanVariance,VAS.AX,0.0
Market_Balanced_Combined_MeanVariance,Market_Balanced,Combined,MeanVariance,VSO.AX,0.08029454446800816
Market_Balanced_Combined_MeanVariance,Market_Balanced,Combined,MeanVariance,VHY.AX,0.10922474240862935
Market_Balanced_Combined_MeanVariance,Market_Balanced,Combined,MeanVariance,VAP.AX,0.03937588919869496
Market_Balanced_Combined_MeanVariance,Market_Balanced,Combined,MeanVariance,VGS.AX,0.2956902271093269
Market_Balanced_Combined_MeanVariance,Market_Balanced,Combined,MeanVariance,VGAD.AX,0.43109699941733703
Market_Balanced_Combined_MeanVariance,Market_Balanced,Combined,MeanVariance,VGE.AX,0.01662227497669713
Market_Balanced_Combined_MeanVariance,Market_Balanced,Combined,MeanVariance,VAF.AX,0.007389757432181195
Market_Balanced_Combined_MeanVariance,Market_Balanced,Combined,MeanVariance,VBND.AX,0.0
Market_Balanced_Combined_MeanVariance,Market_Balanced,Combined,MeanVariance,QAU.AX,0.020305564989125214
Market_Balanced_Combined_MaxSharpe,Market_Balanced,Combined,MaxSharpe,VAS.AX,0.0
Market_Balanced_Combined_MaxSharpe,Market_Balanced,Combined,MaxSharpe,VSO.AX,0.0
Market_Balanced_Combined_MaxSharpe,Market_Balanced,Combined,MaxSharpe,VHY.AX,0.16787682215402122
Market_Balanced_Combined_MaxSharpe,Market_Balanced,Combined,MaxSharpe,VAP.AX,0.0030489992897432434
Market_Balanced_Combined_MaxSharpe,Market_Balanced,Combined,MaxSharpe,VGS.AX,0.43007561628181634
Market_Balanced_Combined_MaxSharpe,Market_Balanced,Combined,MaxSharpe,VGAD.AX,0.2144438002950966
Market_Balanced_Combined_MaxSharpe,Market_Balanced,Combined,MaxSharpe,VGE.AX,0.06877246511385755
Market_Balanced_Combined_MaxSharpe,Market_Balanced,Combined,MaxSharpe,VAF.AX,0.03754123169765926
Market_Balanced_Combined_MaxSharpe,Market_Balanced,Combined,MaxSharpe,VBND.AX,0.013686398959951197
Market_Balanced_Combined_MaxSharpe,Market_Balanced,Combined,MaxSharpe,QAU.AX,0.06455466620785454
Market_Balanced_Combined_Benchmark,Market_Balanced,Combined,Benchmark,VAS.AX,0.3257836979335837
Market_Balanced_Combined_Benchmark,Market_Balanced,Combined,Benchmark,VSO.AX,0.07086817228900122
Market_Balanced_Combined_Benchmark,Market_Balanced,Combined,Benchmark,VHY.AX,0.058173526349683105
Market_Balanced_Combined_Benchmark,Market_Balanced,Combined,Benchmark,VAP.AX,0.07487193107649978
Market_Balanced_Combined_Benchmark,Market_Balanced,Combined,Benchmark,VGS.AX,0.25797927713237667
Market_Balanced_Combined_Benchmark,Market_Balanced,Combined,Benchmark,VGAD.AX,0.1416161793564824
Market_Balanced_Combined_Benchmark,Market_Balanced,Combined,Benchmark,VGE.AX,0.039992974465686906
Market_Balanced_Combined_Benchmark,Market_Balanced,Combined,Benchmark,VAF.AX,0.009645225155120134
Market_Balanced_Combined_Benchmark,Market_Balanced,Combined,Benchmark,VBND.AX,0.0057461655397451385
Market_Balanced_Combined_Benchmark,Market_Balanced,Combined,Benchmark,QAU.AX,0.015322850701821055
Kelly_Growth_AbsoluteOnly_MeanVariance,Kelly_Growth,AbsoluteOnly,MeanVariance,VAS.AX,0.16245709531776464
Kelly_Growth_AbsoluteOnly_MeanVariance,Kelly_Growth,AbsoluteOnly,MeanVariance,VSO.AX,0.11137034865243574
Kelly_Growth_AbsoluteOnly_MeanVariance,Kelly_Growth,AbsoluteOnly,MeanVariance,VHY.AX,0.0
Kelly_Growth_AbsoluteOnly_MeanVariance,Kelly_Growth,AbsoluteOnly,MeanVariance,VAP.AX,0.0957516351531451
Kelly_Growth_AbsoluteOnly_MeanVariance,Kelly_Growth,AbsoluteOnly,MeanVariance,VGS.AX,0.2566147427190217
Kelly_Growth_AbsoluteOnly_MeanVariance,Kelly_Growth,AbsoluteOnly,MeanVariance,VGAD.AX,0.3703057896467259
Kelly_Growth_AbsoluteOnly_MeanVariance,Kelly_Growth,AbsoluteOnly,MeanVariance,VGE.AX,0.0
Kelly_Growth_AbsoluteOnly_MeanVariance,Kelly_Growth,AbsoluteOnly,MeanVariance,VAF.AX,0.0007969481533863439
Kelly_Growth_AbsoluteOnly_MeanVariance,Kelly_Growth,AbsoluteOnly,MeanVariance,VBND.AX,0.0027034403575204977
Kelly_Growth_AbsoluteOnly_MeanVariance,Kelly_Growth,AbsoluteOnly,MeanVariance,QAU.AX,0.0
Kelly_Growth_AbsoluteOnly_MaxSharpe,Kelly_Growth,AbsoluteOnly,MaxSharpe,VAS.AX,0.09706546691969778
Kelly_Growth_AbsoluteOnly_MaxSharpe,Kelly_Growth,AbsoluteOnly,MaxSharpe,VSO.AX,0.024718793639152695
Kelly_Growth_AbsoluteOnly_MaxSharpe,Kelly_Growth,AbsoluteOnly,MaxSharpe,VHY.AX,0.034364153481943265
Kelly_Growth_AbsoluteOnly_MaxSharpe,Kelly_Growth,AbsoluteOnly,MaxSharpe,VAP.AX,0.0
Kelly_Growth_AbsoluteOnly_MaxSharpe,Kelly_Growth,AbsoluteOnly,MaxSharpe,VGS.AX,0.44434418010853016
Kelly_Growth_AbsoluteOnly_MaxSharpe,Kelly_Growth,AbsoluteOnly,MaxSharpe,VGAD.AX,0.18366283198091823
Kelly_Growth_AbsoluteOnly_MaxSharpe,Kelly_Growth,AbsoluteOnly,MaxSharpe,VGE.AX,0.08235501982285219
Kelly_Growth_AbsoluteOnly_MaxSharpe,Kelly_Growth,AbsoluteOnly,MaxSharpe,VAF.AX,0.03968187027653337
Kelly_Growth_AbsoluteOnly_MaxSharpe,Kelly_Growth,AbsoluteOnly,MaxSharpe,VBND.AX,0.0230067083258495
Kelly_Growth_AbsoluteOnly_MaxSharpe,Kelly_Growth,AbsoluteOnly,MaxSharpe,QAU.AX,0.07080097544452321
Kelly_Growth_RelativeOnly_MeanVariance,Kelly_Growth,RelativeOnly,MeanVariance,VAS.AX,0.0
Kelly_Growth_RelativeOnly_MeanVariance,Kelly_Growth,RelativeOnly,MeanVariance,VSO.AX,0.0
Kelly_Growth_RelativeOnly_MeanVariance,Kelly_Growth,RelativeOnly,MeanVariance,VHY.AX,0.04314846026538843
Kelly_Growth_RelativeOnly_MeanVariance,Kelly_Growth,RelativeOnly,MeanVariance,VAP.AX,0.0
Kelly_Growth_RelativeOnly_MeanVariance,Kelly_Growth,RelativeOnly,MeanVariance,VGS.AX,0.34260253617628006
Kelly_Growth_RelativeOnly_MeanVariance,Kelly_Growth,RelativeOnly,MeanVariance,VGAD.AX,0.39530862090147184
Kelly_Growth_RelativeOnly_MeanVariance,Kelly_Growth,RelativeOnly,MeanVariance,VGE.AX,0.20226641733770898
Kelly_Growth_RelativeOnly_MeanVariance,Kelly_Growth,RelativeOnly,MeanVariance,VAF.AX,0.016673965319150497
Kelly_Growth_RelativeOnly_MeanVariance,Kelly_Growth,RelativeOnly,MeanVariance,VBND.AX,0.0
Kelly_Growth_RelativeOnly_MeanVariance,Kelly_Growth,RelativeOnly,MeanVariance,QAU.AX,0.0
Kelly_Growth_RelativeOnly_MaxSharpe,Kelly_Growth,RelativeOnly,MaxSharpe,VAS.AX,0.0
Kelly_Growth_RelativeOnly_MaxSharpe,Kelly_Growth,RelativeOnly,MaxSharpe,VSO.AX,0.0
Kelly_Growth_RelativeOnly_MaxSharpe,Kelly_Growth,RelativeOnly,MaxSharpe,VHY.AX,0.04465300528307614
Kelly_Growth_RelativeOnly_MaxSharpe,Kelly_Growth,RelativeOnly,MaxSharpe,VAP.AX,0.0
Kelly_Growth_RelativeOnly_MaxSharpe,Kelly_Growth,RelativeOnly,MaxSharpe,VGS.AX,0.438820179293014
Kelly_Growth_RelativeOnly_MaxSharpe,Kelly_Growth,RelativeOnly,MaxSharpe,VGAD.AX,0.2731924029032333
Kelly_Growth_RelativeOnly_MaxSharpe,Kelly_Growth,RelativeOnly,MaxSharpe,VGE.AX,0.18628356282372552
Kelly_Growth_RelativeOnly_MaxSharpe,Kelly_Growth,RelativeOnly,MaxSharpe,VAF.AX,0.04811661482539194
Kelly_Growth_RelativeOnly_MaxSharpe,Kelly_Growth,RelativeOnly,MaxSharpe,VBND.AX,0.00893423487155906
Kelly_Growth_RelativeOnly_MaxSharpe,Kelly_Growth,RelativeOnly,MaxSharpe,QAU.AX,0.0
Kelly_Growth_Combined_MeanVariance,Kelly_Growth,Combined,MeanVariance,VAS.AX,0.0
Kelly_Growth_Combined_MeanVariance,Kelly_Growth,Combined,MeanVariance,VSO.AX,0.11153376099445192
Kelly_Growth_Combined_MeanVariance,Kelly_Growth,Combined,MeanVariance,VHY.AX,0.14950815491869415
Kelly_Growth_Combined_MeanVariance,Kelly_Growth,Combined,MeanVariance,VAP.AX,0.09598108190655445
Kelly_Growth_Combined_MeanVariance,Kelly_Growth,Combined,MeanVariance,VGS.AX,0.26043438458412455
Kelly_Growth_Combined_MeanVariance,Kelly_Growth,Combined,MeanVariance,VGAD.AX,0.37598733776114796
Kelly_Growth_Combined_MeanVariance,Kelly_Growth,Combined,MeanVariance,VGE.AX,0.003656318332590441
Kelly_Growth_Combined_MeanVariance,Kelly_Growth,Combined,MeanVariance,VAF.AX,0.0028989615024364954
Kelly_Growth_Combined_MeanVariance,Kelly_Growth,Combined,MeanVariance,VBND.AX,0.0
Kelly_Growth_Combined_MeanVariance,Kelly_Growth,Combined,MeanVariance,QAU.AX,0.0
Kelly_Growth_Combined_MaxSharpe,Kelly_Growth,Combined,MaxSharpe,VAS.AX,0.0
Kelly_Growth_Combined_MaxSharpe,Kelly_Growth,Combined,MaxSharpe,VSO.AX,0.0
Kelly_Growth_Combined_MaxSharpe,Kelly_Growth,Combined,MaxSharpe,VHY.AX,0.12004633510939462
Kelly_Growth_Combined_MaxSharpe,Kelly_Growth,Combined,MaxSharpe,VAP.AX,0.0
Kelly_Growth_Combined_MaxSharpe,Kelly_Growth,Combined,MaxSharpe,VGS.AX,0.4555916774185155
Kelly_Growth_Combined_MaxSharpe,Kelly_Growth,Combined,MaxSharpe,VGAD.AX,0.1948091249691562
Kelly_Growth_Combined_MaxSharpe,Kelly_Growth,Combined,MaxSharpe,VGE.AX,0.09203283239133603
Kelly_Growth_Combined_MaxSharpe,Kelly_Growth,Combined,MaxSharpe,VAF.AX,0.04854697649583065
Kelly_Growth_Combined_MaxSharpe,Kelly_Growth,Combined,MaxSharpe,VBND.AX,0.017527941583112303
Kelly_Growth_Combined_MaxSharpe,Kelly_Growth,Combined,MaxSharpe,QAU.AX,0.07144511203265465
Kelly_Growth_Combined_Benchmark,Kelly_Growth,Combined,Benchmark,VAS.AX,0.29521810184088
Kelly_Growth_Combined_Benchmark,Kelly_Growth,Combined,Benchmark,VSO.AX,0.10467841754902547
Kelly_Growth_Combined_Benchmark,Kelly_Growth,Combined,Benchmark,VHY.AX,0.0315289314035239
Kelly_Growth_Combined_Benchmark,Kelly_Growth,Combined,Benchmark,VAP.AX,0.06709805162384462
Kelly_Growth_Combined_Benchmark,Kelly_Growth,Combined,Benchmark,VGS.AX,0.3148367879032833
Kelly_Growth_Combined_Benchmark,Kelly_Growth,Combined,Benchmark,VGAD.AX,0.09037302911064352
Kelly_Growth_Combined_Benchmark,Kelly_Growth,Combined,Benchmark,VGE.AX,0.07990388012547205
Kelly_Growth_Combined_Benchmark,Kelly_Growth,Combined,Benchmark,VAF.AX,0.0021804396344749667
Kelly_Growth_Combined_Benchmark,Kelly_Growth,Combined,Benchmark,VBND.AX,0.0017685363690005517
Kelly_Growth_Combined_Benchmark,Kelly_Growth,Combined,Benchmark,QAU.AX,0.012413824439851737
