,Market_Balanced_Benchmark,Market_Balanced_MeanVariance,Market_Balanced_MaxSharpe
2021-01-04,,,
2021-01-05,,,
2021-01-06,,,
2021-01-07,,,
2021-01-08,,,
2021-01-11,,,
2021-01-12,,,
2021-01-13,,,
2021-01-14,,,
2021-01-15,,,
2021-01-18,,,
2021-01-19,,,
2021-01-20,,,
2021-01-21,,,
2021-01-22,,,
2021-01-25,,,
2021-01-27,,,
2021-01-28,,,
2021-01-29,,,
2021-02-01,,,
2021-02-02,,,
2021-02-03,,,
2021-02-04,,,
2021-02-05,,,
2021-02-08,,,
2021-02-09,,,
2021-02-10,,,
2021-02-11,,,
2021-02-12,,,
2021-02-15,,,
2021-02-16,,,
2021-02-17,,,
2021-02-18,,,
2021-02-19,,,
2021-02-22,,,
2021-02-23,,,
2021-02-24,,,
2021-02-25,,,
2021-02-26,,,
2021-03-01,,,
2021-03-02,,,
2021-03-03,,,
2021-03-04,,,
2021-03-05,,,
2021-03-08,,,
2021-03-09,,,
2021-03-10,,,
2021-03-11,,,
2021-03-12,,,
2021-03-15,,,
2021-03-16,,,
2021-03-17,,,
2021-03-18,,,
2021-03-19,,,
2021-03-22,,,
2021-03-23,,,
2021-03-24,,,
2021-03-25,,,
2021-03-26,,,
2021-03-29,,,
2021-03-30,,,
2021-03-31,,,
2021-04-01,,,
2021-04-06,,,
2021-04-07,,,
2021-04-08,,,
2021-04-09,,,
2021-04-12,,,
2021-04-13,,,
2021-04-14,,,
2021-04-15,,,
2021-04-16,,,
2021-04-19,,,
2021-04-20,,,
2021-04-21,,,
2021-04-22,,,
2021-04-23,,,
2021-04-26,,,
2021-04-27,,,
2021-04-28,,,
2021-04-29,,,
2021-04-30,,,
2021-05-03,,,
2021-05-04,,,
2021-05-05,,,
2021-05-06,,,
2021-05-07,,,
2021-05-10,,,
2021-05-11,,,
2021-05-12,,,
2021-05-13,,,
2021-05-14,,,
2021-05-17,,,
2021-05-18,,,
2021-05-19,,,
2021-05-20,,,
2021-05-21,,,
2021-05-24,,,
2021-05-25,,,
2021-05-26,,,
2021-05-27,,,
2021-05-28,,,
2021-05-31,,,
2021-06-01,,,
2021-06-02,,,
2021-06-03,,,
2021-06-04,,,
2021-06-07,,,
2021-06-08,,,
2021-06-09,,,
2021-06-10,,,
2021-06-11,,,
2021-06-15,,,
2021-06-16,,,
2021-06-17,,,
2021-06-18,,,
2021-06-21,,,
2021-06-22,,,
2021-06-23,,,
2021-06-24,,,
2021-06-25,,,
2021-06-28,,,
2021-06-29,,,
2021-06-30,,,
2021-07-01,,,
2021-07-02,,,
2021-07-05,,,
2021-07-06,,,
2021-07-07,,,
2021-07-08,,,
2021-07-09,,,
2021-07-12,,,
2021-07-13,,,
2021-07-14,,,
2021-07-15,,,
2021-07-16,,,
2021-07-19,,,
2021-07-20,,,
2021-07-21,,,
2021-07-22,,,
2021-07-23,,,
2021-07-26,,,
2021-07-27,,,
2021-07-28,,,
2021-07-29,,,
2021-07-30,,,
2021-08-02,,,
2021-08-03,,,
2021-08-04,,,
2021-08-05,,,
2021-08-06,,,
2021-08-09,,,
2021-08-10,,,
2021-08-11,,,
2021-08-12,,,
2021-08-13,,,
2021-08-16,,,
2021-08-17,,,
2021-08-18,,,
2021-08-19,,,
2021-08-20,,,
2021-08-23,,,
2021-08-24,,,
2021-08-25,,,
2021-08-26,,,
2021-08-27,,,
2021-08-30,,,
2021-08-31,,,
2021-09-01,,,
2021-09-02,,,
2021-09-03,,,
2021-09-06,,,
2021-09-07,,,
2021-09-08,,,
2021-09-09,,,
2021-09-10,,,
2021-09-13,,,
2021-09-14,,,
2021-09-15,,,
2021-09-16,,,
2021-09-17,,,
2021-09-20,,,
2021-09-21,,,
2021-09-22,,,
2021-09-23,,,
2021-09-24,,,
2021-09-27,,,
2021-09-28,,,
2021-09-29,,,
2021-09-30,,,
2021-10-01,,,
2021-10-04,,,
2021-10-05,,,
2021-10-06,,,
2021-10-07,,,
2021-10-08,,,
2021-10-11,,,
2021-10-12,,,
2021-10-13,,,
2021-10-14,,,
2021-10-15,,,
2021-10-18,,,
2021-10-19,,,
2021-10-20,,,
2021-10-21,,,
2021-10-22,,,
2021-10-25,,,
2021-10-26,,,
2021-10-27,,,
2021-10-28,,,
2021-10-29,,,
2021-11-01,,,
2021-11-02,,,
2021-11-03,,,
2021-11-04,,,
2021-11-05,,,
2021-11-08,,,
2021-11-09,,,
2021-11-10,,,
2021-11-11,,,
2021-11-12,,,
2021-11-15,,,
2021-11-16,,,
2021-11-17,,,
2021-11-18,,,
2021-11-19,,,
2021-11-22,,,
2021-11-23,,,
2021-11-24,,,
2021-11-25,,,
2021-11-26,,,
2021-11-29,,,
2021-11-30,,,
2021-12-01,,,
2021-12-02,,,
2021-12-03,,,
2021-12-06,,,
2021-12-07,,,
2021-12-08,,,
2021-12-09,,,
2021-12-10,,,
2021-12-13,,,
2021-12-14,,,
2021-12-15,,,
2021-12-16,,,
2021-12-17,,,
2021-12-20,,,
2021-12-21,,,
2021-12-22,,,
2021-12-23,,,
2021-12-24,,,
2021-12-29,,,
2021-12-30,0.5882838071927008,0.5745555037657054,0.41380643588591937
2021-12-31,0.6023117013645438,0.5895494101564307,0.42507569215370467
2022-01-04,0.6035636471131279,0.5898615205991596,0.4235815137150833
2022-01-05,0.5962358759488123,0.582725319366515,0.41714756328870256
2022-01-06,0.6116264510695125,0.5947724623942484,0.42660782729144375
2022-01-07,0.60477532104543,0.587027507540464,0.41800539481998134
2022-01-10,0.609210727143124,0.5909426274990454,0.42062771833708773
2022-01-11,0.6091587394586079,0.5909090763856344,0.42061794676435404
2022-01-12,0.6117750229253609,0.5953164766552236,0.4255421009266842
2022-01-13,0.6131996548798317,0.5964165037511321,0.4267788015517813
2022-01-14,0.611554612396054,0.5948531184681339,0.4242593827553371
2022-01-17,0.6119402843100747,0.5955626770779751,0.42498970577072814
2022-01-18,0.612102543888934,0.5959657758776956,0.42492042219725645
2022-01-19,0.6100046770625613,0.5933265124254326,0.422457112304009
2022-01-20,0.6128835582288555,0.5966047988546989,0.4253297701484291
2022-01-21,0.6190887780714789,0.6022515993449628,0.4271660351957925
2022-01-24,0.6248934040704427,0.6090368119180014,0.43352105024058385
2022-01-25,0.6185964314538467,0.5988956542121712,0.4252211073664323
2022-01-27,0.628654120506972,0.6085865785734123,0.4338353925895447
2022-01-28,0.6328694181934814,0.613297223466042,0.4374862039716972
2022-01-31,0.6256765996401544,0.6074235862558915,0.431958953225636
2022-02-01,0.6318904565337032,0.6147320558913485,0.4395890264224561
2022-02-02,0.6373520685240793,0.620598550735851,0.4447328337158554
2022-02-03,0.6411171041570806,0.6246680604473555,0.448515990684728
2022-02-04,0.6352415924414171,0.6169496742347637,0.441612428731167
2022-02-07,0.6308280629988107,0.6120416481842743,0.43690624340450984
2022-02-08,0.6312188829512978,0.6116356923152599,0.43631690729273087
2022-02-09,0.6327677003364267,0.6132568929095116,0.43740018708741646
2022-02-10,0.6332173943236388,0.6138668837889152,0.43797917250983104
2022-02-11,0.6365362766047105,0.6175836011898691,0.4419298415990562
2022-02-14,0.6357525750514851,0.6177778314984071,0.44126546886372137
2022-02-15,0.6345533409066613,0.6165123522204417,0.44008837041865245
2022-02-16,0.6381515873031035,0.6192791682971365,0.4415269123576883
2022-02-17,0.6388786111110786,0.6199706504582312,0.4420370957627614
2022-02-18,0.6392762893830433,0.6198879443982919,0.4419810654495224
2022-02-21,0.6408556163052864,0.623257905321813,0.44324656975984655
2022-02-22,0.6422472026073166,0.6267533328452299,0.44362363430085183
2022-02-23,0.6432150273061229,0.627975089736625,0.44454906156868895
2022-02-24,0.624138894047245,0.6124314892129759,0.41879106099833335
2022-02-25,0.6333266139776937,0.6280261398512653,0.4287748332254703
2022-02-28,0.6345558412650822,0.6295026505178595,0.4298195200792543
2022-03-01,0.635177543116659,0.6306739667023126,0.42989760291793605
2022-03-02,0.6264994951810157,0.6196045419523583,0.41814918403441687
2022-03-03,0.625714024409158,0.6188749965292942,0.4166063215098936
2022-03-04,0.6311197390073247,0.6260087371576525,0.4208291238638425
2022-03-07,0.639790801653666,0.6352505098276485,0.42625878038256054
2022-03-08,0.6474814604512539,0.6441804501652186,0.43538218213250923
2022-03-09,0.6454385170578177,0.6410693091279814,0.4304197882629606
2022-03-10,0.6551162278234297,0.6498826399100317,0.4360083174931474
2022-03-11,0.6535249005971997,0.6480617883300845,0.43423228274018677
2022-03-14,0.6509948528541246,0.6470122222415218,0.43532366717639714
2022-03-15,0.6607772085837001,0.6576501041777557,0.4477641895921489
2022-03-16,0.639136642025606,0.6365173263310634,0.43289284188261046
2022-03-17,0.6487823422603538,0.6510212179611429,0.4488884440341588
2022-03-18,0.6523031650051985,0.6546361203164911,0.4530675360226517
2022-03-21,0.6585841154036187,0.660795680764479,0.4583784610336389
2022-03-22,0.6470016841530885,0.6466747713297124,0.4443409338298876
2022-03-23,0.6534778252285149,0.6537967678204574,0.4501871880175228
2022-03-24,0.6543972383560659,0.6547376613017971,0.45131497326695513
2022-03-25,0.6531439143146311,0.6532316911300078,0.4502943014476105
2022-03-28,0.6531682822104565,0.6534906626921576,0.4506786282019024
2022-03-29,0.6529916224154249,0.6534798004740116,0.450184197818319
2022-03-30,0.654403662004946,0.6546942016209532,0.4512223247289521
2022-03-31,0.6489011984065579,0.6475491311655486,0.44525807891459906
2022-04-01,0.6481561498164858,0.6464500940521136,0.4445217554604404
2022-04-04,0.6527226038089425,0.6510201820449623,0.4481386889224804
2022-04-05,0.6561014357503828,0.6546040338245199,0.4514226523225579
2022-04-06,0.6516863153244631,0.650852923499915,0.44815759739991307
2022-04-07,0.65710234171888,0.657039563234242,0.45359473965974006
2022-04-08,0.6575259794957102,0.6581402421751951,0.45370842711487713
2022-04-11,0.6564128332194165,0.6584958091027425,0.45427377221166726
2022-04-12,0.6566124161496503,0.6587002854787675,0.45441353793827427
2022-04-13,0.6602561789071353,0.6624089207008516,0.4577828332961811
2022-04-14,0.6621277946200775,0.664253280396084,0.4595375642336877
2022-04-19,0.6591807894376792,0.6609487489844149,0.4567938770454785
2022-04-20,0.6569835589544196,0.6589102653029338,0.45481824690251893
2022-04-21,0.6561448704399251,0.657980117300724,0.45429285684908177
2022-04-22,0.6655177218978781,0.667365511529939,0.46332789485749437
2022-04-26,0.6895986080470169,0.6923362035736117,0.4862426177599509
2022-04-27,0.6926204249318085,0.6964850526279536,0.4894232723433481
2022-04-28,0.6922870634323194,0.6951105885328405,0.48797937439994277
2022-04-29,0.6939182986888592,0.6973553505261506,0.48834749946036865
2022-05-02,0.6988489998195423,0.703367248135256,0.49273264102465864
2022-05-03,0.697598408772082,0.702354514750514,0.49162365911965006
2022-05-04,0.6974625429820331,0.7036459596749577,0.49380271080611504
2022-05-05,0.6829220743215333,0.6869027808661484,0.4794785188067665
2022-05-06,0.7068029465662826,0.7123760833935935,0.5020377261026161
2022-05-09,0.7112247036445628,0.7178347798164141,0.5064585015765393
2022-05-10,0.7161829931728161,0.7235555890461688,0.5109073772995679
2022-05-11,0.7187417137517179,0.7258462399616171,0.5127439585987255
2022-05-12,0.7090456442928242,0.715431540287992,0.5004023738449933
2022-05-13,0.6933179578251215,0.6955288067279947,0.48328144613116825
2022-05-16,0.6951777774866388,0.6974513734579035,0.4850076205290987
2022-05-17,0.694950159747225,0.6986621015359212,0.4847982802805285
2022-05-18,0.6956476372568249,0.7006158983571505,0.4874149054499763
2022-05-19,0.7066572755476497,0.7146118567025839,0.4988389321869046
2022-05-20,0.7128488940603614,0.7200364452637079,0.5063655416914187
2022-05-23,0.7141191744321995,0.7215334742341245,0.5075987355350595
2022-05-24,0.7104102452550057,0.7181865209524354,0.5044940737632831
2022-05-25,0.7109836208764153,0.7186518486494857,0.5048160891745759
2022-05-26,0.7119250204341722,0.7196295543861752,0.5054856907245147
2022-05-27,0.7107485152289292,0.7197575004298838,0.5050549555472499
2022-05-30,0.7204504837369359,0.7319895700142922,0.5143658930574235
2022-05-31,0.719687545889429,0.7308834957870187,0.5132382816723957
2022-06-01,0.7185498009085557,0.7298269994904649,0.5125222051907261
2022-06-02,0.7209642708007916,0.7320206429651736,0.5140628366944568
2022-06-03,0.7268672919749818,0.7386849909288665,0.5200741343852322
2022-06-06,0.7256134709828532,0.7373004550206816,0.5188188918316496
2022-06-07,0.7277307088921554,0.7388704677718312,0.52033775518796
2022-06-08,0.7271141668142879,0.7381608201341853,0.5197882174332782
2022-06-09,0.7260891815266527,0.7362551891593269,0.5184110463696191
2022-06-10,0.7352414395788225,0.746350999661602,0.527385679400347
2022-06-14,0.7743699264438458,0.7889104328431861,0.5661830387518297
2022-06-15,0.7713029793227381,0.7856061937462291,0.5629257261381595
2022-06-16,0.7672533969183399,0.781053436669424,0.5584700092887274
2022-06-17,0.7655372062308007,0.7806956099475482,0.5559592613703646
2022-06-20,0.7608154830913105,0.7756217910378231,0.5522252711998911
2022-06-21,0.757524765333656,0.7724593566532721,0.5502166249662245
2022-06-22,0.7547733614387534,0.7692194509714103,0.547190847836591
2022-06-23,0.7548397758441325,0.7692917502324196,0.5472017482924779
2022-06-24,0.7524334171079994,0.767012248913532,0.5456293779522885
2022-06-27,0.7607243557537728,0.7768775665424279,0.5523545761478907
2022-06-28,0.7593926797201351,0.7748919355327111,0.5505279118758573
2022-06-29,0.7615591016096476,0.7778774607703592,0.5518975718813708
2022-06-30,0.7649297039293917,0.7816542265205513,0.5547801189994855
2022-07-01,0.7622525238005197,0.7801649984918797,0.552683291694009
2022-07-04,0.7588240335000639,0.7768565227760492,0.5490484776147151
2022-07-05,0.7588692231760027,0.7773084806075601,0.5493454216820958
2022-07-06,0.761811692241303,0.7825166183634097,0.5535419829540893
2022-07-07,0.7635022896827274,0.7848684857180906,0.5546842597481606
2022-07-08,0.7665445164711473,0.7882130994298301,0.5574116656033898
2022-07-11,0.754416683149359,0.7742181891028102,0.547459427606374
2022-07-12,0.7539740545020553,0.773521458210465,0.5469648716064771
2022-07-13,0.7538692742898737,0.7732869046424313,0.5467467234261106
2022-07-14,0.7550653274322638,0.7747449176750675,0.5482357792605991
2022-07-15,0.7542304205277123,0.7739216160843497,0.5474405064712017
2022-07-18,0.7613051781968048,0.7828793910903008,0.5549988136888354
2022-07-19,0.7581920210504328,0.7795494291442507,0.5523861508774182
2022-07-20,0.7683292366628431,0.7908658389340255,0.5613039158708647
2022-07-21,0.7708955603077869,0.793772994888816,0.5638267025990746
2022-07-22,0.772997687296282,0.7959256094488385,0.5655955509500185
2022-07-25,0.7732145907294199,0.7961535232223607,0.5660441898599368
2022-07-26,0.7812112782212399,0.8037930770551077,0.5718650710481998
2022-07-27,0.7804517414374275,0.8027550966094271,0.5713249946689851
2022-07-28,0.7874085352665803,0.81055409432496,0.577060454252943
2022-07-29,0.7892139153850197,0.8123363383043237,0.5785566756038175
2022-08-01,0.7915246076135937,0.8153965574022043,0.5814940986224513
2022-08-02,0.7813400618345268,0.8051133014009304,0.5712699391315513
2022-08-03,0.7760136643765505,0.8000287489710062,0.5659390173937359
2022-08-04,0.7775073796700552,0.8020895472014627,0.5677110034298912
2022-08-05,0.7785924544747457,0.8030859550059047,0.5687006186787307
2022-08-08,0.7736146027682649,0.7982770560281681,0.5639091639451652
2022-08-09,0.7730338082880446,0.7977705676686182,0.5634082810550379
2022-08-10,0.7701459687497789,0.7950330549930904,0.5610443374679969
2022-08-11,0.7801499384105525,0.8058689866772959,0.570650030807406
2022-08-12,0.781192506168829,0.8070769429448449,0.5717869722305626
2022-08-15,0.7786570163066158,0.8046206385630169,0.570478923835236
2022-08-16,0.7801757147426899,0.8075060051159321,0.5726362657514675
2022-08-17,0.7786922456342229,0.8060412441818362,0.571671552588257
2022-08-18,0.7827590478800487,0.8095003512360218,0.5750840968514519
2022-08-19,0.7814123350845019,0.8080471450628101,0.5736453309893655
2022-08-22,0.7857566598762838,0.8117330789569924,0.577802511772825
2022-08-23,0.7852360681212227,0.8113235794429813,0.5768232802884863
2022-08-24,0.7840177014336303,0.810419281660489,0.5758027344541173
2022-08-25,0.7812126662774069,0.8074775756155709,0.5729186184807696
2022-08-26,0.7815059377351772,0.8078213185104732,0.5730599798112279
2022-08-29,0.7927262995227348,0.8217044138204384,0.5841642435763701
2022-08-30,0.7928256040933884,0.8218496137844372,0.58445269338271
2022-08-31,0.7939883408669604,0.8230988171357239,0.5853228246276267
2022-09-01,0.7959883154055708,0.8257139415702586,0.5881026470197216
2022-09-02,0.7954114491983377,0.8252256541116939,0.5877482055242175
2022-09-05,0.7947805386555681,0.8245733224689963,0.5871271555518408
2022-09-06,0.7924651342819538,0.8216506127366909,0.5850498420067045
2022-09-07,0.7954769108625342,0.8247660604887829,0.5880007799166103
2022-09-08,0.7999670309273348,0.8308521970907781,0.5936607661740625
2022-09-09,0.7898840808454135,0.8212285385384638,0.5853935866462452
2022-09-12,0.7951761216795891,0.8271310883942565,0.590818757306708
2022-09-13,0.7876266398281226,0.8192164646488393,0.5840549785923801
2022-09-14,0.809343780159899,0.8427191531293713,0.6046441634002646
2022-09-15,0.8111281513501317,0.8442090815329801,0.6057618344498843
2022-09-16,0.8137535356848095,0.8475600521699521,0.6080274809804518
2022-09-19,0.8170645272420746,0.8524475138122741,0.6116557350750994
2022-09-20,0.820048877669952,0.8566145105926339,0.61455477128435
2022-09-21,0.8228548889180501,0.8589312040671756,0.6177257536473685
2022-09-23,0.830161338493479,0.8659876303979851,0.6255673982127107
2022-09-26,0.847648537740941,0.8873126220293782,0.6443798498614899
2022-09-27,0.8480691001807592,0.887681731159349,0.6449073441724424
2022-09-28,0.8506991582217432,0.892133962984996,0.6485590408042597
2022-09-29,0.8509684841769698,0.8925650418070888,0.6491158972420296
2022-09-30,0.8583224846214831,0.9022179169274525,0.6573832784757079
2022-10-03,0.8519567618012996,0.8947567507027322,0.6526156817332455
2022-10-04,0.8726340902924161,0.9158125641865941,0.6730150738894658
2022-10-05,0.8711249636584881,0.9139743754267027,0.6724966837614637
2022-10-06,0.8704468752070097,0.9131941322754364,0.672378139400073
2022-10-07,0.8782567279212257,0.9213696249556574,0.6797853940212342
2022-10-10,0.8777204566956036,0.9225939908761484,0.681375940945404
2022-10-11,0.8804955990325213,0.9255963993215134,0.6847424598266987
2022-10-12,0.8801996774201254,0.9250805803841319,0.6846429454482715
2022-10-13,0.8811344290408617,0.9260362031686851,0.6852075744735635
2022-10-14,0.8789659626738665,0.923763708441077,0.6830113079888506
2022-10-17,0.8772212975051373,0.9214905776752661,0.681055373551399
2022-10-18,0.8884198956878651,0.9344636938276137,0.6921268672532238
2022-10-19,0.8894494677348235,0.9351855436231631,0.6933900600130266
2022-10-20,0.8906415942774425,0.9368296136429861,0.6946408127852828
2022-10-21,0.8925785137787846,0.9388662064895288,0.6963704101952514
2022-10-24,0.8779520079284646,0.9223720687756842,0.6831197397506849
2022-10-25,0.8762809832759813,0.9211902034951633,0.6815548861273731
2022-10-26,0.8751826189577662,0.9197336044370278,0.6820304779253711
2022-10-27,0.876144316304706,0.9206900073998197,0.6829415028242243
2022-10-28,0.8761886238934825,0.9216465620086899,0.6829980050624661
2022-10-31,0.8775592567798798,0.9246647209241897,0.684668335160442
2022-11-01,0.8698971079251449,0.9134075023055218,0.6765108278161935
2022-11-02,0.8718956147474829,0.9158954913005449,0.6788532150471857
2022-11-03,0.8770153001831045,0.9214010132209446,0.6852591496090117
2022-11-04,0.8360097874157802,0.8751464437230408,0.6512416640633771
2022-11-07,0.8457221906681489,0.8853296532354349,0.6618284280148524
2022-11-08,0.8468392471331253,0.8866991669465636,0.6626404590938266
2022-11-09,0.8440695752996736,0.8839357289279481,0.6599998416988909
2022-11-10,0.8313177917257213,0.8697317274258003,0.6494966774031012
2022-11-11,0.8551109904819789,0.8987261945687928,0.6786880579806833
2022-11-14,0.8586375771334228,0.9028141535636357,0.682824650903421
2022-11-15,0.8501186417571513,0.8937410808387073,0.676295105304547
2022-11-16,0.8494777520150805,0.8934200552033031,0.6757422605115329
2022-11-17,0.8501737794571433,0.8949229624035845,0.6765295390662927
2022-11-18,0.8506372272599606,0.895491289968218,0.6770886011688441
2022-11-21,0.8460407072992183,0.8901226613735498,0.6731568102884521
2022-11-22,0.8435930451696276,0.8875107386101384,0.670737790853966
2022-11-23,0.8442488993571571,0.8885686295629224,0.6720387648765883
2022-11-24,0.8461958159250331,0.8906750803877933,0.6742720372150984
2022-11-25,0.8453200110774473,0.8898385362157671,0.6735316370821142
2022-11-28,0.8491898487399814,0.8954430298378456,0.680080326832823
2022-11-29,0.8360615944847158,0.8809139728455986,0.6683009072837656
2022-11-30,0.8335209256799252,0.8763287030850572,0.6661379617236419
2022-12-01,0.8407461596069324,0.8847957067206784,0.6743482179100816
2022-12-02,0.839671137439117,0.8832469961850794,0.6729342106792985
2022-12-05,0.8407505734592706,0.8844837220747053,0.6740089038675804
2022-12-06,0.8420849139816594,0.8859555261605229,0.6753060064440535
2022-12-07,0.8442516139716241,0.8885887905723634,0.6772484111227568
2022-12-08,0.8371545949761605,0.8809358502039272,0.6713986081029921
2022-12-09,0.8378520576228956,0.8821272897389084,0.6728579757413604
2022-12-12,0.8366776632924213,0.8810854858892763,0.6722892652284093
2022-12-13,0.8303276614023656,0.8760625339947536,0.6673446305630972
2022-12-14,0.8320772132549569,0.8774310037903585,0.6687933632764221
2022-12-15,0.8229081146970734,0.867482965488428,0.6611485818508959
2022-12-16,0.8277036151754773,0.8731239966816762,0.6660300398558727
2022-12-19,0.829616311283743,0.8746697434354346,0.6675261550631274
2022-12-20,0.8282663605410235,0.871882474878659,0.6651755881572976
2022-12-21,0.8325127439617842,0.8765887435105065,0.6691410121495963
2022-12-22,0.8325812547731747,0.8766157116505124,0.6689085230535305
2022-12-23,0.8306885079775347,0.8744056053388475,0.6669475438922212
2022-12-28,0.8303907886198444,0.8741572217643606,0.6667604760778868
2022-12-29,0.8294652106019592,0.8735981734496007,0.6664203665950792
2022-12-30,0.830067683050061,0.8747775959565811,0.6673147917697524
2023-01-03,0.8281543959509213,0.8723017409489853,0.6650911444012113
2023-01-04,0.8137942919484575,0.856148121029853,0.6530632550286914
2023-01-05,0.8127902642114929,0.8552543815894067,0.6521799800436542
2023-01-06,0.8018621063911509,0.8453317966994616,0.6445601807387892
2023-01-09,0.810423722522853,0.8552414078790094,0.6541590425571102
2023-01-10,0.8098203167903684,0.8547745788169159,0.6536074523383905
2023-01-11,0.8101501175221681,0.8550766765409779,0.6537552781253365
2023-01-12,0.810520182862811,0.855295368768135,0.6540300238924285
2023-01-13,0.8119485619291334,0.8564365106184434,0.6554907088856526
2023-01-16,0.8120962786914643,0.8566329853280686,0.6561117088951678
2023-01-17,0.8124397158522828,0.8570203291694508,0.6565768711082572
2023-01-18,0.8125048388406403,0.8570883677415068,0.6565226434357583
2023-01-19,0.8116673291101315,0.8561882883114706,0.6557447297420227
2023-01-20,0.8070002536760006,0.8507647888708275,0.6509137897035087
2023-01-23,0.8078094431436297,0.8528257074769565,0.6541767012025114
2023-01-24,0.8084187952146032,0.8535062296561156,0.6543995368466525
2023-01-25,0.8032956465816415,0.8501399559947509,0.6526287251504466
2023-01-27,0.8022361618335151,0.8504049414834557,0.6525055762235142
2023-01-30,0.7999851287212378,0.8479414945334013,0.6509449318496017
2023-01-31,0.8021082747166,0.8493784202127559,0.6527989542846241
2023-02-01,0.7971020028516953,0.8442930538723946,0.6482592997484167
2023-02-02,0.7908080975527081,0.8376156640517463,0.6425116516837185
2023-02-03,0.7874886125381492,0.8344497556886636,0.6410325206072534
2023-02-06,0.7945280146173024,0.8418644870870288,0.6485680123254381
2023-02-07,0.7957164894286992,0.8431372715360016,0.6497591874731872
2023-02-08,0.7952776638865285,0.8434372829347181,0.650048466884939
2023-02-09,0.7960244328601818,0.84461165372715,0.6512432942176367
2023-02-10,0.7953376220732944,0.8442072898685078,0.6508153017611428
2023-02-13,0.7933409550257869,0.8420671501825086,0.6490963122580937
2023-02-14,0.794603727906644,0.8433263593576614,0.6504554929940939
2023-02-15,0.7869487432693387,0.8344377404453477,0.6439432765912941
2023-02-16,0.7853286332909764,0.8333752797348729,0.6435900683389181
2023-02-17,0.7874734114726054,0.8357925955988657,0.6456825946017004
2023-02-20,0.7871820640678653,0.8359531179093571,0.645916045868193
2023-02-21,0.7852685994727925,0.8340117737686632,0.6441597558533356
2023-02-22,0.7860313668505238,0.8342925392757802,0.6458656104359686
2023-02-23,0.7853075022845641,0.8332986953632117,0.6456161589584859
2023-02-24,0.7862491919773068,0.8336076395313272,0.6505167081991877
2023-02-27,0.7912743373395769,0.8375357794709306,0.6555078301962175
2023-02-28,0.7912671872152313,0.8375568532407706,0.655469259473905
2023-03-01,0.7848856010890589,0.8307534409793368,0.6504378427056324
2023-03-02,0.7841953513958693,0.8298766628895308,0.6498512521005765
2023-03-03,0.7824296485973645,0.828426373881076,0.6489304315996837
2023-03-06,0.7827224637010987,0.8284175869269247,0.6497823027053292
2023-03-07,0.7877933437664428,0.8338338346789774,0.6564379447639407
2023-03-08,0.7912861266101471,0.8377660250308595,0.6600341521250744
2023-03-09,0.7938645026844666,0.8401504250964659,0.6629193376856694
2023-03-10,0.7909516867596171,0.8380519799950341,0.6605006349736757
2023-03-13,0.7931667165412736,0.8411962918587002,0.664549338054728
2023-03-14,0.793703717887783,0.8412561163454672,0.6624640965402631
2023-03-15,0.7909847068641569,0.8384085129659569,0.658426630151687
2023-03-16,0.8110498992815761,0.8599854806210271,0.6763754424090042
2023-03-17,0.8076159868795044,0.8557600770438951,0.672269942906461
2023-03-20,0.8004353354218313,0.8484322141777346,0.6633395768527113
2023-03-21,0.8024824214424373,0.8509997443969399,0.665226427033947
2023-03-22,0.8027590602823292,0.8522923560807164,0.6660250777472112
2023-03-23,0.8002083197402224,0.8494201189477765,0.6637954414032117
2023-03-24,0.7994341550206994,0.8489128399036273,0.6628964659496467
2023-03-27,0.8002486866242007,0.849864902522671,0.6636003353173181
2023-03-28,0.7959448332428605,0.8446609297810137,0.6584294844355971
2023-03-29,0.7968986304929001,0.845622920748338,0.6598153530046327
2023-03-30,0.7953060765550387,0.8444195802382294,0.657987981730304
2023-03-31,0.7976270989332511,0.8470855137113955,0.6602660156008514
2023-04-03,0.7913316310453087,0.8403004843207942,0.6535888480580275
2023-04-04,0.7928701820324482,0.8423167760757911,0.6556476631516267
2023-04-05,0.7923989107048929,0.8419171166304654,0.6550884593621344
2023-04-06,0.7965162236003851,0.8460279806110802,0.65857121009504
2023-04-11,0.7919423820969184,0.840763358812492,0.653509106272569
2023-04-12,0.7919455019537004,0.8404956152391736,0.653511632915949
2023-04-13,0.7919146417280235,0.840011506603387,0.6528217324594776
2023-04-14,0.7890888644920353,0.8368766213296439,0.6501619440070857
2023-04-17,0.7868386221462823,0.8342635072678204,0.647609514708602
2023-04-18,0.7866033690104214,0.8340808125814544,0.6474525111494938
2023-04-19,0.7867655282600358,0.8343457524331185,0.6477953291992539
2023-04-20,0.7871541429926809,0.8347306292880732,0.6484027364071333
2023-04-21,0.7883892671011689,0.8360737678456619,0.6493091450834368
2023-04-24,0.7841518619078387,0.8321306709839235,0.6457413561893464
2023-04-26,0.769804613526838,0.8177667662673168,0.6327363184992181
2023-04-27,0.7674043904359675,0.8148301909578898,0.6305297187679711
2023-04-28,0.7680805386242666,0.8163732836617512,0.6319162421936081
2023-05-01,0.7675654715716166,0.8156873474496308,0.6317723867026749
2023-05-02,0.7643086149304013,0.8116511703122763,0.6289114872889195
2023-05-03,0.7624933692122797,0.8096044582786249,0.6264524177451796
2023-05-04,0.7626917021914147,0.8090140871497437,0.6254520509563265
2023-05-05,0.7736737173009158,0.820873006933992,0.635559356099451
2023-05-08,0.7595699386254051,0.806387356279842,0.6227492887936599
2023-05-09,0.7514662415717148,0.7978256537770765,0.6157663538471899
2023-05-10,0.7456385231440196,0.7912213271164045,0.6104929527573518
2023-05-11,0.7426255179015059,0.788040919141012,0.607794025166406
2023-05-12,0.7458032369380032,0.7924143098435771,0.6150074596653222
2023-05-15,0.7518422690651932,0.8016066382988966,0.6239134586363124
2023-05-16,0.7430696251630148,0.7920894939650325,0.615132287845201
2023-05-17,0.7480776041333284,0.7960223085336322,0.6198337646084368
2023-05-18,0.7477592896643422,0.7956715349732858,0.6196055667540286
2023-05-19,0.7406516645416791,0.7875205866983215,0.6128788410450944
2023-05-22,0.7364413771142078,0.7844109140754915,0.6084458635490746
2023-05-23,0.735483759043776,0.7831200251409314,0.607980621021586
2023-05-24,0.7372176876729127,0.7849718910738779,0.6093604519998517
2023-05-25,0.7399536102565892,0.787207825154304,0.6125554578740342
2023-05-26,0.7391142765965525,0.7864410983073251,0.6118121505761318
2023-05-29,0.7412237349658508,0.7883866308686088,0.6143989228101069
2023-05-30,0.7329786710174415,0.7784422285576634,0.6070652250382667
2023-05-31,0.7318193775554626,0.776629470832878,0.604462333596634
2023-06-01,0.7302284530070844,0.7749854460114142,0.6027712372333982
2023-06-02,0.7332452377720345,0.778090221930442,0.6060890477578799
2023-06-05,0.7337944506780587,0.7786586720342435,0.605771217383078
2023-06-06,0.7343354837061544,0.7791829464865052,0.6061789110671272
2023-06-07,0.7320145044127597,0.7773038371929937,0.6044214711750467
2023-06-08,0.728851657408029,0.7741926035329776,0.6018759482376265
2023-06-09,0.73123077070263,0.778086647365626,0.6058955993584985
2023-06-13,0.7241836721433073,0.7707578350724952,0.5996518110836521
2023-06-14,0.6881187134210146,0.7324791523602835,0.5658722175299813
2023-06-15,0.6891053202252497,0.7330594151641677,0.5666794463375471
2023-06-16,0.6956994050320776,0.7398628295348232,0.5732183810604045
2023-06-19,0.6959597183425059,0.7393713494331094,0.5753705303535389
2023-06-20,0.6947188356072971,0.738343269785815,0.574518685585181
2023-06-21,0.6955661722094774,0.7387268659520004,0.5760482929688975
2023-06-22,0.6975039372426242,0.7399243795078123,0.576594521319744
2023-06-23,0.6954947270806086,0.7348597189400075,0.573795129051755
2023-06-26,0.6984856985163737,0.737964152833832,0.5768732747389781
2023-06-27,0.6899107521014259,0.7278693701664881,0.570471764813682
2023-06-28,0.6910317302321086,0.7295519015614162,0.5721699582893702
2023-06-29,0.6895007495616947,0.727273559323079,0.571959868647717
2023-06-30,0.6854292190505179,0.7237831847400142,0.5695564296011804
2023-07-03,0.6900816370584021,0.7279287953721606,0.5741747146799212
2023-07-04,0.69265090834637,0.7302251274859373,0.5769121498616167
2023-07-05,0.6918309496428574,0.7293623530025724,0.576149305977015
2023-07-06,0.6892365407945659,0.7237252253939096,0.5735238508146848
2023-07-07,0.6942883345879901,0.727964754370943,0.5783118401196767
2023-07-10,0.6915879746344437,0.7250311359224301,0.5758516948408823
2023-07-11,0.6983364154568396,0.7327440297068659,0.5820174865115436
2023-07-12,0.6962191604190535,0.7308818303988165,0.5807812221788501
2023-07-13,0.7021656961493374,0.7344373050779817,0.585808617716266
2023-07-14,0.7029790713998728,0.7351596816473521,0.5865346689787996
2023-07-17,0.7042277007814888,0.7363283337614351,0.5877639573147656
2023-07-18,0.6988644709721253,0.7289303011251146,0.5821470212375882
2023-07-19,0.700084023193473,0.730188700044975,0.5832335286216354
2023-07-20,0.6900624688405919,0.7191498451057997,0.5750522394200296
2023-07-21,0.6900828338641823,0.7191106739922666,0.5752438147967412
2023-07-24,0.6910629891864822,0.7201704043433591,0.5764175541891562
2023-07-25,0.6881581081579345,0.717107072759669,0.574061736845079
2023-07-26,0.6894928429000913,0.7182953200649859,0.5755020889169292
2023-07-27,0.6901565010322233,0.7189701144472995,0.5757204854303375
2023-07-28,0.6879877774911914,0.7161125916529453,0.5735228784560429
2023-07-31,0.6858916629045871,0.7141058392454934,0.5715035716588166
2023-08-01,0.6811772235113481,0.7095059732375829,0.5674139053061915
2023-08-02,0.6962118474288476,0.7230917227769598,0.5827864377399166
2023-08-03,0.7019402275850856,0.7287858433834316,0.588620074318402
2023-08-04,0.700514091322764,0.7268669642131845,0.587121162586659
2023-08-07,0.6998735629166022,0.7262845124384285,0.5865254618000308
2023-08-08,0.7018139748873341,0.72781942983243,0.5884186735607698
2023-08-09,0.7023545038109127,0.7282975611626721,0.5889143712995124
2023-08-10,0.7049487328657393,0.730769590240355,0.5910363991358152
2023-08-11,0.6954712689654343,0.7205797220443086,0.5830080677294867
2023-08-14,0.6955764982029881,0.7202062542848875,0.5830904131744401
2023-08-15,0.698622681158867,0.7231404019654801,0.5861005726533761
2023-08-16,0.7000337569889549,0.7251136587518348,0.5870601051691611
2023-08-17,0.7027925304856177,0.7280036449870315,0.5896953398755445
2023-08-18,0.6997139601598548,0.7251727000725904,0.5869659970907715
2023-08-21,0.6976433461145901,0.7228171721847142,0.5851893859228853
2023-08-22,0.6948054719483041,0.7199526977571871,0.5822584142118092
2023-08-23,0.6926604532368467,0.7175298619779857,0.5808274050874371
2023-08-24,0.6926110117991924,0.7173588499691156,0.5805989672349292
2023-08-25,0.701220065909634,0.7273206258071906,0.5898403345434746
2023-08-28,0.702472307145305,0.7286125931504673,0.5909438189120004
2023-08-29,0.6869659318512408,0.7102947655066735,0.5767930246087825
2023-08-30,0.6906019894775832,0.7139070572246268,0.5799498061362706
2023-08-31,0.6900580675177698,0.7133358015025301,0.5793433694169514
2023-09-01,0.6855417843310209,0.7080552880113996,0.5748034728547119
2023-09-04,0.6820141956558432,0.7040860755302962,0.5711039007366322
2023-09-05,0.6756605815890556,0.6975866241842322,0.5650732994458088
2023-09-06,0.6804887466689578,0.702860876126533,0.5695911424140262
2023-09-07,0.676086286545929,0.6983589147022005,0.5653114876616149
2023-09-08,0.671280972951772,0.6932353624865585,0.5610675862360553
2023-09-11,0.6793666494261184,0.7007735075397233,0.5689105371897829
2023-09-12,0.6744076031422941,0.6951806922807475,0.5642390159278395
2023-09-13,0.6834291050073698,0.7046514167788939,0.5721792932899161
2023-09-14,0.6592114560675499,0.6782927879700679,0.5498632313670899
2023-09-15,0.6602399212360887,0.6793568713075809,0.5504247905024162
2023-09-18,0.6561919625205365,0.6751999880793016,0.5467370051247287
2023-09-19,0.6571720482147714,0.6758435294627656,0.547549308999295
2023-09-20,0.6554349101920118,0.6734262352571136,0.5459115910499414
2023-09-21,0.6525071472000521,0.6697265608634579,0.5434228177707173
2023-09-22,0.6382431860864908,0.6550979536670964,0.5311895239138467
2023-09-25,0.6197574857015149,0.6334061260479762,0.5126470796222503
2023-09-26,0.6203368001073005,0.6337291889539285,0.5134323694148217
2023-09-27,0.6190017451823558,0.6318048841224434,0.5118039233076311
2023-09-28,0.615282916115081,0.6278460915380434,0.5082679176547665
2023-09-29,0.6160180744764618,0.6282049225353006,0.509833642748146
2023-10-02,0.6184569221536178,0.6317220690181814,0.5124547897018935
2023-10-03,0.597516562450175,0.6098087476388163,0.49355065417274124
2023-10-04,0.5979097129953801,0.6103086090598754,0.4950499697707328
2023-10-05,0.6000627833597183,0.6131220343559469,0.4964875750094834
2023-10-06,0.5931440897304747,0.6049591685171651,0.49025563889733326
2023-10-09,0.5849988101158058,0.5940521593832547,0.48224379342758844
2023-10-10,0.5851047033002905,0.594075404637395,0.48121943046141596
2023-10-11,0.5855954619064127,0.5946610180750181,0.48142837466413835
2023-10-12,0.5839088871325856,0.5924902241513785,0.47987442464364827
2023-10-13,0.5917177512716632,0.6006094051193209,0.48704147027004624
2023-10-16,0.5913391165416925,0.6001285437076463,0.48656914146507757
2023-10-17,0.5772579263162129,0.5840023448894156,0.4735291876079899
2023-10-18,0.5788667217082614,0.5854674864081466,0.474328794872359
2023-10-19,0.5774723798858995,0.583541348150049,0.4728542234063894
2023-10-20,0.5785833449458281,0.5844678413102751,0.4730125907127846
2023-10-23,0.5965805127336182,0.6046488649952282,0.4896722118562432
2023-10-24,0.5977978849906671,0.605344217265389,0.4910113626663139
2023-10-25,0.5948616489670167,0.6022592546005805,0.4873296563001516
2023-10-26,0.5969581787846026,0.6045398903154995,0.4890749301088258
2023-10-27,0.595235694784547,0.6010352016930356,0.4880690103277069
2023-10-30,0.5940740248012182,0.5992805855935073,0.4875273234476702
2023-10-31,0.5942632321937115,0.6029535334192873,0.4907117312848172
2023-11-01,0.5936294684158981,0.6023022889271029,0.48903998537239646
2023-11-02,0.5889194778809165,0.5962553932348024,0.48422161255948887
2023-11-03,0.6274849298933358,0.6407078539352885,0.518239858426961
2023-11-06,0.6174548434652891,0.6298007505411478,0.5076160202473947
2023-11-07,0.6139787672898701,0.6259858896952604,0.5049674373929383
2023-11-08,0.6200326979870622,0.6323885042923872,0.5112045088616843
2023-11-09,0.635750903115181,0.6500713954242696,0.5246870724657081
2023-11-10,0.5793531668983176,0.5831051587546644,0.46774528888649713
2023-11-13,0.5757779055817853,0.5792193632794761,0.46375952861957825
2023-11-14,0.5841560727662161,0.5875014719699485,0.46988440818513116
2023-11-15,0.6051102718620183,0.6081621254796978,0.48901304782559424
2023-11-16,0.6026973064796699,0.6050227404587364,0.4860284683307597
2023-11-17,0.6012881945390848,0.6034778510658797,0.4845841261855535
2023-11-20,0.6062967222792685,0.6090962186604154,0.488891572168277
2023-11-21,0.6091302293079487,0.6122351073583729,0.4919153639545398
2023-11-22,0.6068411988569826,0.6091992044080141,0.4891177182320427
2023-11-23,0.6034215375636233,0.6054604157944687,0.4854656242406626
2023-11-24,0.6044522976899057,0.6063441112915114,0.4863578814189094
2023-11-27,0.603755072988076,0.6044551409137828,0.4839805554706504
2023-11-28,0.6221858098234998,0.6244730598048338,0.5012602342401609
2023-11-29,0.6226892481661449,0.6283078912389374,0.5015673318779036
2023-11-30,0.6056185043037579,0.6084357873152444,0.48353367292242666
2023-12-01,0.6050673824567527,0.6084338460025308,0.4838677455964818
2023-12-04,0.6028002113936982,0.606462665774884,0.4818148431250224
2023-12-05,0.6050376037890232,0.6082814448015836,0.4837356850692981
2023-12-06,0.5990120080281952,0.5992651656059766,0.476529921296323
2023-12-07,0.602119375258713,0.6024360703975521,0.4786105656660691
2023-12-08,0.6002854413282106,0.5995580159924626,0.47565551135098155
2023-12-11,0.6000463952577171,0.598595238970225,0.4746918523704564
2023-12-12,0.6109512306792374,0.6062893812367102,0.4828798353451588
2023-12-13,0.6069433261156836,0.6022877013474686,0.4796155773600033
2023-12-14,0.6336993230876377,0.6273906564401831,0.5026759060579487
2023-12-15,0.6265762032627897,0.61793902016491,0.49588119777026485
2023-12-18,0.625689692969539,0.6167939401037649,0.49493768624818146
2023-12-19,0.6225053436916554,0.6138190032388315,0.49286414605857404
2023-12-20,0.6217680695347321,0.6130589912968866,0.4927380908774215
2023-12-21,0.6158805807789249,0.6063724796579919,0.4879053222856177
2023-12-22,0.6167115775363351,0.6073353083785468,0.4887549198785364
2023-12-27,0.6182939583556032,0.6084885057691279,0.4898098021986582
2023-12-28,0.6200969308207323,0.6091632843951555,0.49172662860660127
2023-12-29,0.6191822253804703,0.6072692708517449,0.4905868191057135
2024-01-02,0.6202138941733458,0.6095584143706598,0.4930597254740482
2024-01-03,0.6504852635491971,0.6427631384057455,0.5215506062899932
2024-01-04,0.6564247463372762,0.6490414609137112,0.5275281125506595
2024-01-05,0.6714368221710193,0.6651444703532475,0.5416871776071974
2024-01-08,0.6589022584857758,0.6506460928595983,0.5284298214663724
2024-01-09,0.6607033443389262,0.6522843138320217,0.5299665480134211
2024-01-10,0.661675896787822,0.6530963133685406,0.5315004735007797
2024-01-11,0.6617568092533269,0.6525768970040856,0.5306804954290355
2024-01-12,0.6588969820479524,0.6502735370319295,0.5277954702632195
2024-01-15,0.6578704008689487,0.6492670362691926,0.5268816805495877
2024-01-16,0.6537474329279431,0.6434673552012505,0.5229394985765916
2024-01-17,0.6560517053366351,0.6453290160857547,0.5263739072605716
2024-01-18,0.6548553992424202,0.644186763680821,0.5253321791749335
2024-01-19,0.6666401615515627,0.6568600306574378,0.5362359208696795
2024-01-22,0.659619011120369,0.6485159009514423,0.529617538985839
2024-01-23,0.6538449557459552,0.6420131438641681,0.5244766455543974
2024-01-24,0.6567499831612124,0.6451297494503149,0.5269961283538729
2024-01-25,0.6534286905851359,0.641188799373487,0.5240839425112731
2024-01-29,0.6556839888314384,0.6437009838472191,0.526011367277147
2024-01-30,0.6496837317610916,0.6369373392640317,0.5203511075467098
2024-01-31,0.6524845703547265,0.6389325105953438,0.5225659361498597
2024-02-01,0.6594897112969417,0.6463460156149626,0.5288156859665594
2024-02-02,0.6658787668745123,0.6517213280557239,0.5312365016110853
2024-02-05,0.6588405346371355,0.6431842678659371,0.5239469034320613
2024-02-06,0.657805409398189,0.6420601307198377,0.5232784237610122
2024-02-07,0.6593892177266686,0.643018649292757,0.5243544591579868
2024-02-08,0.6591141264625958,0.6426791292816847,0.5241790923309909
2024-02-09,0.6582088738182647,0.6408479591680937,0.5228935270794588
2024-02-12,0.658263940407355,0.6407811338438925,0.5229045378151351
2024-02-13,0.6534271534388747,0.6353541462590346,0.5184207659129376
2024-02-14,0.6623212167915277,0.64494001872721,0.5254235520625917
2024-02-15,0.6688289533912791,0.6512594250416703,0.5314911420194124
2024-02-16,0.6641653675215589,0.6463910375359048,0.5276907667699536
2024-02-19,0.6645383145636266,0.6466028821739637,0.5277286259403882
2024-02-20,0.666835741176732,0.64849692998476,0.5296867651944103
2024-02-21,0.6645278133049166,0.6455705043156421,0.5270923434577686
2024-02-22,0.6635428241324244,0.6448394697230913,0.5256246846391049
2024-02-23,0.6660133348896752,0.6471147577629532,0.5273254184918025
2024-02-26,0.6607773048499491,0.6420554596753945,0.5225904900401691
2024-02-27,0.6595905436542872,0.6408371394185487,0.5216189052988063
2024-02-28,0.6662589274707356,0.6477821754640543,0.5266879418895535
2024-02-29,0.6657241830055244,0.6467813504641311,0.5258647501151865
2024-03-01,0.6680122742438749,0.6483778217780928,0.5276949425760659
2024-03-04,0.6657311449078117,0.645742911767288,0.5253790146600199
2024-03-05,0.6692117908148809,0.6486713839201795,0.5278701506669693
2024-03-06,0.6526828607471689,0.6296900603024722,0.5117434209306047
2024-03-07,0.6558339355728157,0.6327132104471674,0.5152332412499835
2024-03-08,0.6564423563891354,0.6317513128334489,0.5190740511968591
2024-03-11,0.6578124914216933,0.6319820943843338,0.5166319029309355
2024-03-12,0.6573128306832388,0.6308593925910685,0.5180331750095138
2024-03-13,0.6563531488628699,0.6300776619038424,0.5170297297109007
2024-03-14,0.6475096198361845,0.6208795685088933,0.5101577401656988
2024-03-15,0.6500010897703979,0.6202872928122614,0.5107963613675964
2024-03-18,0.6575407345702159,0.627344445754261,0.5212369926008383
2024-03-19,0.654277419131781,0.6235856618345806,0.5182453128506767
2024-03-20,0.6591235417310178,0.6278047394582735,0.5238951408635221
2024-03-21,0.66669095932432,0.6360983537232124,0.5312793420035287
2024-03-22,0.6625146273705109,0.6314784222397308,0.5283218276584396
2024-03-25,0.6603184219873008,0.6286867362782341,0.5257688261466563
2024-03-26,0.6670027208749294,0.6360129609776723,0.5336168206719284
2024-03-27,0.6659976758540065,0.6349143181328386,0.5324953605681227
2024-03-28,0.6681264045239762,0.636234616351249,0.5345115863770142
2024-04-02,0.6615169294676517,0.6293655483202376,0.529662824005131
2024-04-03,0.674163517132576,0.6420583915160071,0.541545171910223
2024-04-04,0.6765489192429333,0.6444967271515203,0.543593227672381
2024-04-05,0.676737094798873,0.6449243969628233,0.5438581091404175
2024-04-08,0.6746583494572549,0.6428215813395746,0.5422721056855186
2024-04-09,0.6790261878957499,0.6471455464238036,0.5482946446033184
2024-04-10,0.6734595673974282,0.6424010506194776,0.5435396269539507
2024-04-11,0.6765143018586952,0.6452600793856347,0.5460858781940492
2024-04-12,0.6661023326049154,0.634100593390063,0.5348055225120936
2024-04-15,0.6739395760207092,0.6430273108623085,0.5432609301285518
2024-04-16,0.677250632020563,0.6481904071362883,0.5447459098188743
2024-04-17,0.6762547737897642,0.6471241162044397,0.5437478085339398
2024-04-18,0.6774069746891507,0.647986289437106,0.5448208259218086
2024-04-19,0.6834227696219035,0.6547669334778483,0.5504444337448684
2024-04-22,0.6767700249595967,0.6480102700662039,0.5425370072295438
2024-04-23,0.6750983303851605,0.6464227532182218,0.5404469225379518
2024-04-24,0.6780793362675293,0.6507674601228577,0.5439330138429544
2024-04-26,0.6769389400099938,0.6488920104955411,0.5423921608389237
2024-04-29,0.676990090546012,0.6481251625726716,0.5417188566960749
2024-04-30,0.671933063481751,0.6437210613772907,0.5371379020887741
2024-05-01,0.6778326016832263,0.6495711902021926,0.543838907519046
2024-05-02,0.6808762361682874,0.6525645654980945,0.5477638934446345
2024-05-03,0.6805587672093251,0.6528662380047324,0.5477051891468794
2024-05-06,0.6793384308593713,0.6511867588824075,0.5470696752216121
2024-05-07,0.6856421868755771,0.6582044451432187,0.5530383405913829
2024-05-08,0.6866085068649599,0.6592676299857685,0.5543848603224855
2024-05-09,0.6893824015957178,0.662333551691956,0.5572532989638699
2024-05-14,0.6879916811321719,0.6601823471796467,0.5551433491909347
2024-05-15,0.6980518901970814,0.6706741119310385,0.5651349589318028
2024-05-16,0.7174409030106264,0.6900324718615952,0.5836936099234079
2024-05-17,0.7150345535971695,0.6874986357226985,0.5811815663453067
2024-05-20,0.7158379657855245,0.6882454461375422,0.5819776461214102
2024-05-21,0.7175835183868886,0.6892095209645828,0.5846399080832405
2024-05-22,0.7174231493849783,0.6890383839558715,0.5845649673689748
2024-05-23,0.7199950310674968,0.6913447475799193,0.5866181390612863
2024-05-24,0.7218603001508211,0.6922093719560728,0.5884813155568439
2024-05-27,0.717328469802099,0.6874645321389459,0.5825973866234718
2024-05-28,0.7178835912660895,0.6878577638185115,0.5830152104904865
2024-05-29,0.7151376362760804,0.6839010515899845,0.5808167658486273
2024-05-30,0.7175450014782053,0.6867488966977313,0.5836096167543716
2024-05-31,0.7190893967595938,0.6877708391274517,0.5868834613784367
2024-06-03,0.7249518752690358,0.6948145062091011,0.5928081252274083
2024-06-04,0.7198409948864509,0.6884947145279556,0.5868593797726891
2024-06-05,0.7189921657990077,0.687120496317653,0.5873296911889191
2024-06-06,0.7202798283710147,0.6887123696094124,0.5891787591191994
2024-06-07,0.7174153839982667,0.6861254645035084,0.5873303213333624
2024-06-11,0.7287914874585878,0.6957737159715786,0.5965049219048176
2024-06-12,0.7267446421229056,0.6934166027402554,0.5940860772223011
2024-06-13,0.7274910445905315,0.6937088010831401,0.5946581522076962
2024-06-14,0.7276470902721689,0.693601933759848,0.5945703043548594
2024-06-17,0.7320953574362229,0.698535291243387,0.5982468071182558
2024-06-18,0.7248190800181614,0.6915754374605297,0.5906198694396113
2024-06-19,0.7255495671189673,0.6921536110843688,0.5915068706876133
2024-06-20,0.725176574402169,0.6911975349430625,0.5905435890367443
2024-06-21,0.7224820392015603,0.688702389231586,0.5880152029409746
2024-06-24,0.7241534647568207,0.6910512305998995,0.59186716582491
2024-06-25,0.7288771093715337,0.6979752216574279,0.5966227113447894
2024-06-26,0.7271328176943149,0.6957651512409273,0.5948007247790308
2024-06-27,0.7299456198848955,0.6991995841407329,0.5979420556927871
2024-06-28,0.7311419889004235,0.7003727935298079,0.5992317154198253
2024-07-01,0.7298889501027168,0.6989752659671657,0.5979998603394004
2024-07-02,0.7307173046695332,0.6993431884481301,0.5984573354073771
2024-07-03,0.7259770427994421,0.6943832009821931,0.5939628365405628
2024-07-04,0.7288394617730186,0.697099687350783,0.5965152894905265
2024-07-05,0.7309911899827174,0.6993629065621244,0.5984485584096826
2024-07-08,0.7274169780222255,0.6961167273894596,0.5926577791052463
2024-07-09,0.7224187479820885,0.6917496137582564,0.5884201955850129
2024-07-10,0.7231317130760856,0.6924053153826815,0.5892236427529104
2024-07-11,0.725388687668806,0.695895945651724,0.5920773430427826
2024-07-12,0.7253145274736535,0.6923056079685816,0.5891572268716069
2024-07-15,0.7160368269794669,0.6842269090211642,0.5808930195996391
2024-07-16,0.711422747322,0.6796119796908615,0.5762476295183229
2024-07-17,0.7090732040590303,0.6767220398346647,0.5735854939804135
2024-07-18,0.7093078128711352,0.6777818341558105,0.5742711908172498
2024-07-19,0.7123730270979394,0.6811983995575066,0.5782698444095227
2024-07-22,0.7127892804232469,0.681919961176658,0.5788216391618963
2024-07-23,0.7130583615498789,0.6821422876956957,0.578977352003969
2024-07-24,0.7128803402233657,0.6820789137314789,0.5783876074258046
2024-07-25,0.7246664967275471,0.6965893225954286,0.5889714694915332
2024-07-26,0.7189607075000424,0.6905393811234419,0.5827588551258587
2024-07-29,0.7215906925443308,0.6942060959308954,0.5861554733830092
2024-07-30,0.719537358439684,0.6926260398780074,0.5849309578628967
2024-07-31,0.7262383585972264,0.697839885980285,0.591272134261922
2024-08-01,0.7332807548071747,0.7045384569677048,0.5975746120574272
2024-08-02,0.7410702104346052,0.7160899345834463,0.6042416612933733
2024-08-05,0.7462864021742883,0.7335345168040875,0.6021850779757515
2024-08-06,0.7468909587839694,0.7346762533143081,0.6022361011205631
2024-08-07,0.7446866936905525,0.7326592431305907,0.6004451980687439
2024-08-08,0.7438870642937001,0.7310336823662447,0.6003092448781194
2024-08-09,0.7519664526692865,0.7402760064710416,0.6079785885907117
2024-08-12,0.7517518548245755,0.7401563064552696,0.6079366826404399
2024-08-13,0.7498370577024323,0.7387267357720515,0.6066792583994515
2024-08-14,0.749298056516956,0.7386523165486373,0.6060265590269566
2024-08-15,0.7507726214546356,0.7408944561907546,0.6065545664659112
2024-08-16,0.7471567267969234,0.7389557787806275,0.6046740596469712
2024-08-19,0.746033408213825,0.7365075079756148,0.6037728561565162
2024-08-20,0.7478687292386622,0.7374923543804068,0.6049359313287409
2024-08-21,0.7511430668186937,0.7412514303940667,0.6074602384262959
2024-08-22,0.7512311822636988,0.7411091169262767,0.6077336850143454
2024-08-23,0.7450792483060173,0.7348224398917316,0.6010693627514264
2024-08-26,0.7497334052614559,0.7395990624445147,0.605659644334454
2024-08-27,0.7412652613943069,0.7295260320347559,0.5972324064264849
2024-08-28,0.7408947006793923,0.7287910021834306,0.5970529453412456
2024-08-29,0.7451450031211952,0.7326589231621785,0.5998589585053662
2024-08-30,0.7409802167887833,0.7285212685000686,0.5960571878000825
2024-09-02,0.740737982690198,0.7282939098724808,0.5957387656656108
2024-09-03,0.7366569199339807,0.7243089316809268,0.5922847969289872
2024-09-04,0.7549816938870213,0.7460237523006213,0.6095950121516749
2024-09-05,0.7651448690178414,0.7557731251690607,0.6185117931960417
2024-09-06,0.7578127125179314,0.7496377678754897,0.6119998323447979
2024-09-09,0.7612401075687069,0.7533574554690406,0.6156754595768903
2024-09-10,0.7611059553108972,0.7533261189779086,0.6156893192976065
2024-09-11,0.7609653111111668,0.7532628251889417,0.6155374194717812
2024-09-12,0.7619781294596166,0.7570998812888315,0.6156750527257251
2024-09-13,0.7624971521367265,0.7575284763386538,0.6165611607277567
2024-09-16,0.760553787965799,0.7552901635195735,0.6152638796538457
2024-09-17,0.7609634216964714,0.7556656144976662,0.6160216395250009
2024-09-18,0.7607715538191114,0.7552004655308497,0.6159970656936712
2024-09-19,0.7541891074559849,0.7494871216601238,0.6094298699606123
2024-09-20,0.7562929607512673,0.7518024104088639,0.6117715844769703
2024-09-23,0.7550286247516758,0.7517599923486646,0.6101384158408212
2024-09-24,0.7588676069077049,0.7566247465618036,0.6141477331623857
2024-09-25,0.7542829699400859,0.7518500310825252,0.6087522692470196
2024-09-26,0.7268573983111526,0.7247162546295622,0.5818368209147555
2024-09-27,0.7264626627168138,0.7233509231695302,0.5825858355999836
2024-09-30,0.7264861192746611,0.7220361579943814,0.5823127020664834
2024-10-01,0.7231715434339127,0.7179978369877079,0.5794084471659924
2024-10-02,0.7199432660806084,0.7131305841292057,0.5772314695650473
2024-10-03,0.706550025833179,0.6998551718791644,0.5658090472353097
2024-10-04,0.7018779375829342,0.694711834515834,0.5604079285627183
2024-10-07,0.6981469624621933,0.6913374464657381,0.5567424788272903
2024-10-08,0.6855215452225423,0.6805711910257571,0.5484765353117466
2024-10-09,0.68550479065178,0.6799269408063572,0.5487984326426103
2024-10-10,0.6780628096542599,0.6724171292407157,0.5423283925975003
2024-10-11,0.6773823177327457,0.6718515410087926,0.5417537896221172
2024-10-14,0.6789576974479048,0.6741048912955102,0.5433931959192048
2024-10-15,0.6675988308697474,0.6619587587268762,0.5331480487697877
2024-10-16,0.6699148868321789,0.6654664037662688,0.5357464731600485
2024-10-17,0.6683741650880536,0.663660831346497,0.5339731811827335
2024-10-18,0.6698548642293253,0.6654642688638535,0.535840776974437
2024-10-21,0.6630183640064764,0.6587993775987466,0.5299363299217109
2024-10-22,0.6692674654847859,0.6646407334521649,0.5356808757708275
2024-10-23,0.665294105579861,0.6604975853499134,0.5317057430665542
2024-10-24,0.6664899340524458,0.6618311396659817,0.5328198970437934
2024-10-25,0.6680573526568402,0.6637232686870418,0.5344987452204291
2024-10-28,0.6641520776506874,0.6594607598228981,0.5311347926378961
2024-10-29,0.6635602846409475,0.6590614277118664,0.5302407131196128
2024-10-30,0.6638356849189299,0.659000777148849,0.5299078822699635
2024-10-31,0.6691042855225492,0.6648644117788384,0.5346422925840545
2024-11-01,0.6723398548078665,0.6686979309282114,0.5389376858563858
2024-11-04,0.6630571600932839,0.6597292243763516,0.5295620251012638
2024-11-05,0.6652378847262765,0.6601809466718853,0.5315013200168358
2024-11-06,0.6503266971061076,0.6431805839856821,0.5171843250853047
2024-11-07,0.6219640516625979,0.619176044364171,0.4916114813848189
2024-11-08,0.6134777633988705,0.6105840999775299,0.4830578880310406
2024-11-11,0.6175967767009106,0.6139865669354821,0.48734249432624516
2024-11-12,0.6131429763688814,0.6088873932426583,0.4835936417948067
2024-11-13,0.6181078822679715,0.6136008434883353,0.48866720299783556
2024-11-14,0.6211781739152921,0.6175017297459685,0.49195791319449383
2024-11-15,0.5969605622163212,0.5931597131115138,0.4692339451852188
2024-11-18,0.5981290081953141,0.5939545336834903,0.47122700629488257
2024-11-19,0.600987407542199,0.5959713816779586,0.4733959295648242
2024-11-20,0.5999605401446575,0.59475284256981,0.47136895535635975
2024-11-21,0.6007237683082375,0.5956575332702526,0.4720569803093299
2024-11-22,0.5996995590280323,0.5946437243780353,0.4713432668675094
2024-11-25,0.5993495550174154,0.5944543032057311,0.4710665370393212
2024-11-26,0.6053926532828992,0.600163329580882,0.47724046431454425
2024-11-27,0.6054741065268543,0.600624192509041,0.477831318637844
2024-11-28,0.6052023877882402,0.6006251739786551,0.47760550102563665
2024-11-29,0.6112366739494229,0.6060323446858187,0.483131757451426
2024-12-02,0.6109822910777543,0.6058350820082125,0.48294820105724906
2024-12-03,0.6097568343304237,0.60494088694168,0.4820537200171036
2024-12-04,0.6110277176352318,0.6061224059182705,0.48202669794288683
2024-12-05,0.6033520452840514,0.598663168567313,0.47503901351587574
2024-12-06,0.6057370841402117,0.6032331580540594,0.47884834536387827
2024-12-09,0.6012366908346695,0.5991186870343381,0.4749239451149122
2024-12-10,0.5967582540014517,0.5955630885435532,0.46938269909267627
2024-12-11,0.6006865781718611,0.5996191208346934,0.4732383034713961
2024-12-12,0.601159637934946,0.6002050149251028,0.4738629381547695
2024-12-13,0.6027036335151517,0.6012097396240169,0.47518153263326435
2024-12-16,0.5858611362138834,0.5857300361604975,0.4599145556384474
2024-12-17,0.5829743485938375,0.5837944265266769,0.4568475924746216
2024-12-18,0.5801180053758832,0.5816573735155164,0.4554922728292179
2024-12-19,0.6022269677976487,0.6052001621288738,0.4775795541236226
2024-12-20,0.6017248008450118,0.6053585503338226,0.47701961346089766
2024-12-23,0.6135400900918828,0.6185550908412314,0.48693638958318564
2024-12-24,0.6127543449189894,0.6179132477866851,0.4860411595815786
2024-12-27,0.6108301421414465,0.6164346242962192,0.4849506552837874
2024-12-30,0.6081810056858644,0.6147809460214957,0.48220304266535496
2024-12-31,0.6081014770572499,0.6153143320100082,0.4817668601579462
2025-01-02,0.6093660062567985,0.6162503093545936,0.4824342594139047
2025-01-03,0.6039279332819152,0.6118135936354938,0.478792500674419
2025-01-06,0.6025280290275837,0.6108345794991642,0.4770673568775084
2025-01-07,0.601812386276991,0.610039652143251,0.47654474079168035
2025-01-08,0.6025692499507971,0.6109699963973331,0.4770148255208091
2025-01-09,0.6019991612288575,0.6102151008924297,0.4763684029846822
2025-01-10,0.5984284160839907,0.6067178068154894,0.47305036312988064
2025-01-13,0.6025722645718466,0.6110777065842251,0.47649830015883476
2025-01-14,0.6045110100448646,0.6135550875244976,0.4781456851205924
2025-01-15,0.6045361010227887,0.6136430842335506,0.4782247698921554
2025-01-16,0.6163313191494293,0.6285567761816426,0.4894827786008369
2025-01-17,0.6131053218447041,0.6263488588154302,0.48484635861462866
2025-01-20,0.6089253249593146,0.6225699861915421,0.481731785372233
2025-01-21,0.610163488650812,0.6234668514702454,0.4833512078544414
2025-01-22,0.6155070780488441,0.6295422420367076,0.48828675118690934
2025-01-23,0.6193713811075897,0.6338579423642967,0.4914128644612277
2025-01-24,0.6181404597496132,0.6327323945673134,0.49026878185996847
2025-01-28,0.6214582264863578,0.6371761181402341,0.4933935705618545
2025-01-29,0.6221812569674743,0.637867462186527,0.494018203385498
2025-01-30,0.6273463564086447,0.6435625512053738,0.49862780954220404
2025-01-31,0.627538402852044,0.6431642447196211,0.49828812846026627
2025-02-03,0.6412844324920115,0.6591687274622057,0.5116807833722327
2025-02-04,0.6444763727735991,0.6631584050127629,0.5165431033815092
2025-02-05,0.6405090899194769,0.6616140432243968,0.5129455580711222
2025-02-06,0.6487291198057266,0.6697949873806762,0.5195471393996913
2025-02-07,0.6462215580236602,0.6678229469690709,0.5176164486248221
2025-02-10,0.6478954880038043,0.6697311907636229,0.5189410099094877
2025-02-11,0.6484931443271754,0.6702564348864265,0.5195127022468367
2025-02-12,0.6481269684483746,0.6700849004291841,0.5190747379052816
2025-02-13,0.6495754614667977,0.6715099489743266,0.5207059221525415
2025-02-14,0.6525841818520703,0.6753219209691081,0.5242916876797211
2025-02-17,0.6468716172598856,0.6700512197159948,0.5197035217481316
2025-02-18,0.646779764663479,0.6697096064769473,0.5186267386474409
2025-02-19,0.6470311993724932,0.6698070796669053,0.5186548608888699
2025-02-20,0.6485424232927306,0.671339984204637,0.5197803986928666
2025-02-21,0.6456682933822363,0.6683476566636799,0.5171533771421833
2025-02-24,0.6452926638943219,0.6676483538826548,0.5167625447829407
2025-02-25,0.6462786077906935,0.6679446867499834,0.5179627304065106
2025-02-26,0.6474264190547724,0.6688862005446846,0.5193469536882356
2025-02-27,0.6486957247835972,0.6700921793410092,0.5207058059114461
2025-02-28,0.6640645785775355,0.6859237016189073,0.5345934821265697
2025-03-03,0.6667037177393936,0.6898411619863796,0.5367924981631297
2025-03-04,0.6638754500444314,0.686567448526593,0.5345818733592387
2025-03-05,0.6612646798803304,0.6823011031200081,0.5334453111228724
2025-03-06,0.6629603825214446,0.6841696572223684,0.5351387807097147
2025-03-07,0.6712126133284201,0.6954150373491383,0.5391211865612766
2025-03-10,0.6677305542958866,0.6921854157676047,0.5366723596040271
2025-03-11,0.6656000567848286,0.690359025198655,0.5344819557652614
2025-03-12,0.6645300640635727,0.6892754402042511,0.5340030298627885
2025-03-13,0.6595960465753087,0.6837698396362942,0.5293517434693505
2025-03-14,0.6558872776788307,0.6783289528141553,0.5260986398443864
2025-03-17,0.6614928812814986,0.6847808169494137,0.5312089790546488
2025-03-18,0.6587453034474628,0.682755323439815,0.5280074618000559
2025-03-19,0.6583198769892779,0.6822746929472413,0.5276207733730841
2025-03-20,0.6581273411808118,0.6820456173327111,0.5277331411320657
2025-03-21,0.6625791868483136,0.6863365706671172,0.5326694273948401
2025-03-24,0.654009465113098,0.677487694803075,0.5245572739798692
2025-03-25,0.6599772473400586,0.6843061450005129,0.52918647650424
2025-03-26,0.6632769589986984,0.6885023266145714,0.5324655848926507
2025-03-27,0.6618354366927699,0.6867839152809829,0.5312415059443811
2025-03-28,0.6608122104206124,0.6859590713113795,0.5300147225086627
2025-03-31,0.6693248879641174,0.6988829999332921,0.5361415683042904
2025-04-01,0.6714954147048786,0.7013584416756523,0.5358936922671521
2025-04-02,0.6709638860833032,0.7012909870474155,0.5367020065386436
2025-04-03,0.6723394142208009,0.7045416326337627,0.5380102956280014
2025-04-04,0.6106233936556406,0.6482403391261381,0.4786579921246169
2025-04-07,0.7743171838016731,0.8347390920500644,0.6580556400170049
2025-04-08,0.7793377453074067,0.8427285944328485,0.6614050952098438
2025-04-09,0.7725556604818526,0.8328900061512324,0.6556067182321408
2025-04-10,0.8575205818226291,0.9426527155684467,0.7396585336543687
2025-04-11,0.8698840462552825,0.9566006704594296,0.7527008200465006
2025-04-14,0.8697512919785213,0.9547940425050967,0.751009744113921
2025-04-15,0.8712698884410484,0.9574033804359321,0.7540007766506052
2025-04-16,0.8723042059389069,0.9581922148895887,0.7551666066145705
2025-04-17,0.8730247230254738,0.9586739421090129,0.7562272360610698
2025-04-22,0.8720869052314049,0.9582418827299768,0.7555224474632884
2025-04-23,0.8768266003910835,0.9676523896580841,0.7600509406670164
2025-04-24,0.8765813466614959,0.9673459514320848,0.7601565017036132
2025-04-28,0.8770558317445061,0.9681746766700499,0.7608414224567485
2025-04-29,0.8778430261177221,0.9694012211925028,0.7618479117002374
2025-04-30,0.8729522498865101,0.9648044171181368,0.7574238516041687
2025-05-01,0.8771672460511059,0.9688959570496494,0.7613767694667896
2025-05-02,0.8637542637345912,0.9531823532841073,0.7481969076193382
2025-05-05,0.8627204954666314,0.9526201343634816,0.7466423583900876
2025-05-06,0.862882820504441,0.9533776316135558,0.7475075756852707
2025-05-07,0.8601529770381944,0.9505303974612619,0.7449088634068854
2025-05-08,0.8587283221296873,0.9490348515252476,0.7441074020898983
2025-05-09,0.8564801366643736,0.9467238826392511,0.741432823670108
2025-05-12,0.8576433370036923,0.9479177766921582,0.7423180086891367
2025-05-13,0.8492381071008314,0.9402904430847324,0.7349571092738588
2025-05-14,0.8508588962746431,0.9421111778421485,0.7367011791900664
2025-05-15,0.8443631298642457,0.936418370476562,0.7311321562585096
2025-05-16,0.844510317659654,0.9365894896256028,0.7313178115267512
2025-05-19,0.8440763793610072,0.9362456473878499,0.7308564159597122
2025-05-20,0.8455990683688461,0.9382431538155385,0.7318883596741033
2025-05-21,0.8448098612395649,0.9373509791532589,0.731098924132446
2025-05-22,0.8435352663084675,0.9366860228332433,0.7296328358741837
2025-05-23,0.8374114541933076,0.9299106148014091,0.7236993996119797
2025-05-26,0.8367032653958547,0.9295835491620243,0.7234960708166062
2025-05-27,0.8372979917425464,0.9302740628045392,0.7241423265336997
2025-05-28,0.8389657865886188,0.9335025337663365,0.7259106437152201
2025-05-29,0.8368395158949851,0.9316354064002813,0.7237334510742048
2025-05-30,0.8372404714250624,0.9329713342659579,0.7245609646905425
2025-06-02,0.833290082725038,0.9284226777975562,0.7209665296188696
2025-06-03,0.836325806323523,0.9317613139956656,0.7240682945278586
2025-06-04,0.8334626098989466,0.9285959731035275,0.7209060922288425
2025-06-05,0.8324577121033967,0.9275126389871928,0.7197117366897626
2025-06-06,0.8349710456455116,0.9300542566905089,0.7213330478007078
2025-06-10,0.8320940502591405,0.9292056177763242,0.7190743350843567
2025-06-11,0.8317286073005907,0.9288957840178087,0.7188287139311909
2025-06-12,0.8305389514350439,0.9276814084293679,0.7176475255359971
2025-06-13,0.8286115415617791,0.9259843431625518,0.7156525976254261
2025-06-16,0.8259163719432601,0.9234629122293863,0.713455099427823
2025-06-17,0.825140223438459,0.9224648235208304,0.7136189667943305
2025-06-18,0.8248587805428437,0.9222306430250216,0.7131930510922072
2025-06-19,0.8209781022860709,0.9186185566927888,0.7098276676436716
2025-06-20,0.8213415782876864,0.9187211658452866,0.7099845668242274
2025-06-23,0.8199519268182108,0.9174742359722439,0.7087811035639403
2025-06-24,0.8186680995975643,0.9167776591541871,0.7078778851920928
2025-06-25,0.8176891121301806,0.9160654728132327,0.7077834377596148
2025-06-26,0.8176728842389158,0.916180914109091,0.7077095905808596
2025-06-27,0.8167897668210431,0.915005204872126,0.7067155454662264
2025-06-30,0.8165052532348269,0.9149874726233082,0.7059505671996402
2025-07-01,0.8159169057729023,0.9143824614321824,0.7052994342377913
2025-07-02,0.8167505697480412,0.9146959600567598,0.7052725047302185
2025-07-03,0.8146965045900272,0.9133778088475578,0.7037006252305614
2025-07-04,0.8145118676834652,0.9132031629510471,0.7037592331269117
2025-07-07,0.8172349133189504,0.9163720164626089,0.7069125566933913
2025-07-08,0.8130172456595314,0.9121458421124334,0.7029873124680626
2025-07-09,0.8128128454463285,0.9117925214671551,0.7027004544920589
2025-07-10,0.812440188848929,0.9118369181861198,0.7028528299471164
2025-07-11,0.8156257554806415,0.9175869851117783,0.707181179962112
2025-07-14,0.8169745590723987,0.9191388702651323,0.7083639710598219
2025-07-15,0.819389691966506,0.9221121611109667,0.7107994267751067
2025-07-16,0.8209917447273222,0.9242421442829051,0.7126210200145799
2025-07-17,0.8218296017140359,0.9248445300520747,0.7132895139112763
2025-07-18,0.817493189948996,0.9201598524834433,0.7076000266159655
2025-07-21,0.8174864309221479,0.9199151767595892,0.7071174233554718
2025-07-22,0.8175650673594489,0.9198547467434834,0.7071792434499553
2025-07-23,0.8166137012422349,0.9186643140730887,0.7066270097795746
2025-07-24,0.814181094062674,0.9157612950313738,0.7041665881785585
2025-07-25,0.8147514468099758,0.9161106481336403,0.7050023142043609
2025-07-28,0.8133481108079977,0.9145376640451739,0.7036399870971171
2025-07-29,0.8147364025433032,0.9162181181799169,0.7047314726303664
2025-07-30,0.8097928492032895,0.9136342572786762,0.7012118170044712
2025-07-31,0.8124362603076702,0.9154479883238005,0.7041071342084545
2025-08-01,0.8030643449377459,0.9055907842584847,0.6954125264182199
2025-08-04,0.8002213086107942,0.8977974836737237,0.6997227028797489
2025-08-05,0.8017648545972345,0.8988981313193251,0.701006306376746
2025-08-06,0.8016990368874836,0.8980584976901007,0.6999965750185085
2025-08-07,0.8043697296894916,0.9016556639729073,0.7024721308750966
2025-08-08,0.7971483093174374,0.8934260875427328,0.6957083868680801
2025-08-11,0.7972738865007624,0.8935988674503665,0.6958288005628921
2025-08-12,0.796104878094647,0.8916055118766196,0.6941058301378819
2025-08-13,0.797007679660447,0.8930579807461249,0.6952512424546401
2025-08-14,0.7968304322975603,0.892869515122236,0.6952333822972249
2025-08-15,0.7982803372095378,0.8936003032018773,0.696207300239559
2025-08-18,0.797001255431615,0.8934972235097854,0.6947154054319683
2025-08-19,0.7962248462995097,0.8920212284714747,0.6936617010088051
2025-08-20,0.7963937674407446,0.8922722891721837,0.6938619521797197
2025-08-21,0.7958631438914915,0.8911051699715355,0.6930457832834107
2025-08-22,0.7981516240038745,0.8937333861760387,0.696084051861173
2025-08-25,0.7972558888921457,0.8931335787834486,0.6952023915595642
2025-08-26,0.7980972153599081,0.8939640345505433,0.6958843474433837
2025-08-27,0.7985360917917906,0.8944838981849937,0.6962096538210956
2025-08-28,0.798318825512217,0.894204562483736,0.6960710202797689
2025-08-29,0.7979083988724556,0.893847326051157,0.6958682388449802
2025-09-01,0.7978682308580637,0.8936840761803972,0.695929353789773
2025-09-02,0.8007907452666261,0.8968864858206942,0.6984294566864074
2025-09-03,0.794733070350602,0.8881533619498472,0.692081552203862
2025-09-04,0.796153666768843,0.8899180458517073,0.6935953074972114
2025-09-05,0.796883721434826,0.8898987799428915,0.6935281886278337
2025-09-08,0.7940147878221014,0.886549118278046,0.6906078810000663
2025-09-09,0.7935378095205422,0.8860061545078594,0.6900056532138311
2025-09-10,0.7912022179195815,0.8833531797570877,0.6881017676312249
2025-09-11,0.7902341426609593,0.8812628849395744,0.6884520978249821
2025-09-12,0.7904375506894343,0.8814971838916823,0.6885058654647054
2025-09-15,0.791960103028487,0.8833160759546038,0.6896152864449167
2025-09-16,0.7917016059941998,0.8831086271208178,0.6895277362076495
2025-09-17,0.7909959499423787,0.8822158749518697,0.6883785089412737
2025-09-18,0.7940492973620568,0.8842981018792696,0.6923321777874221
2025-09-19,0.7930651135761974,0.8832542479011717,0.6913401596456124
2025-09-22,0.7926189054541553,0.8828413870453864,0.6910374607702001
2025-09-23,0.7935047202323295,0.8842049466901516,0.6915044250340051
2025-09-24,0.800365278779948,0.890796667763288,0.6984985543266795
2025-09-25,0.8215524035604146,0.9141909125165137,0.7200319658033217
2025-09-26,0.8215849615376439,0.9154044740365924,0.7193378704581634
2025-09-29,0.8236300455643585,0.918320346315888,0.7221799765555683
2025-09-30,0.8248772502656265,0.9204991406835927,0.7234610318628133
2025-10-01,0.8320188907995966,0.9295389992263853,0.7294298188477928
2025-10-02,0.8376443371229629,0.9350699083779552,0.7333665501113379
2025-10-03,0.8364684948729078,0.9339623815071092,0.7323460865618597
2025-10-06,0.8388717356186874,0.9360691902681612,0.7349974147142935
2025-10-07,0.8539643462022246,0.9534303111002669,0.746795970080759
2025-10-08,0.8544472208553416,0.9545190788529402,0.7468879282884289
2025-10-09,0.8570312635488333,0.956931245838177,0.7491915229387418
2025-10-10,0.853619961875394,0.9530298943571415,0.7467470562375332
2025-10-13,0.8576733542833082,0.9573967132885544,0.7500898691501011
2025-10-14,0.8556764451025589,0.9558855167514976,0.7471087191444751
2025-10-15,0.8506955738791918,0.949761212580501,0.74184072731047
2025-10-16,0.8513065288070438,0.9507262118941292,0.743071565624308
2025-10-17,0.851120858514157,0.9503119242559998,0.7408643578542232
2025-10-20,0.8533378876822211,0.9532238612987688,0.7421592646491552
2025-10-21,0.8488159985739971,0.949646837784322,0.7392379805622212
2025-10-22,0.8523332103364407,0.9520953784932642,0.7428655742186719
2025-10-23,0.8506815615682531,0.9501082460985508,0.7409386870774464
2025-10-27,0.8532166266133421,0.9537600870214601,0.7435504680303654
2025-10-28,0.8531282431743147,0.9536029524742999,0.7434403465638644
2025-10-29,0.8512773460179118,0.95069727801687,0.7413185345317455
2025-10-30,0.8519037872273797,0.9514170429634329,0.7419749106767236
2025-10-31,0.8516614626438911,0.9510253765632065,0.7416670410669979
2025-11-03,0.8496736309435972,0.9485944599161104,0.7396603077810147
2025-11-04,0.8470728981937368,0.944816959916976,0.7373959683706279
2025-11-05,0.8501049623104792,0.9484224066797424,0.7399083909309968
2025-11-06,0.8606856093714284,0.9611061500736189,0.7500720016474184
2025-11-07,0.8922406564067499,0.9911745764915206,0.7787231931376233
2025-11-10,0.8963968710227712,0.9948836761941943,0.7820727550106679
2025-11-11,0.8933499152136326,0.9925216946148913,0.7787704889192164
2025-11-12,0.8951091960150371,0.9957957312995892,0.7799438414566225
2025-11-13,0.8927772280483468,0.9939266150577489,0.7771836192143523
2025-11-14,0.8945871772817762,0.9960327552420121,0.7771927039991001
2025-11-17,0.8958133242371458,0.997412779853239,0.7794944475093984
2025-11-18,0.9024388120157496,1.0046430470341832,0.7848077205532038
2025-11-19,0.8996354884061866,1.0030229783275537,0.7826417468323735
2025-11-20,0.9022724156496417,1.0061769692084142,0.7856604155879793
2025-11-21,0.9087394861975525,1.0134094405897152,0.7915171361265292
2025-11-24,0.9082282173547156,1.0122592663037642,0.7896863712039812
2025-11-25,0.9087186227957013,1.0128830572977592,0.7903435648377325
2025-11-26,0.9038360917460491,1.00867685726229,0.7842229716932554
2025-11-27,0.9061254444051604,1.0116654684061646,0.7866602062204817
2025-11-28,0.9057683599869251,1.0113929941820294,0.7862939544497406
2025-12-01,0.9055636069331513,1.0112032938790725,0.7853683899801863
2025-12-02,0.9053379220369433,1.0109909755344386,0.7850408452113311
2025-12-03,0.9086052125906973,1.014305468929273,0.7879764447918998
2025-12-04,0.911401671036847,1.0173897563701209,0.7915134310315887
2025-12-05,0.913209846293955,1.019181915534391,0.7931025710407293
2025-12-08,0.9144455006555621,1.0208477786517505,0.7952563278602964
2025-12-09,0.9201038623947898,1.0265370762541153,0.800341648329922
2025-12-10,0.9244560826319469,1.030431086730434,0.8056184966980772
2025-12-11,0.9220355277572004,1.028384572558624,0.8030949131487707
2025-12-12,0.9210056713515834,1.0271270435822661,0.8019592070819018
2025-12-15,0.9218466945863057,1.0284215605293006,0.8021199279444835
2025-12-16,0.921609314953453,1.0287383185194374,0.8024140867176444
2025-12-17,0.921794092631165,1.0288265380450021,0.8024493428197975
2025-12-18,0.9272372674739594,1.034728740678323,0.8067028671713016
2025-12-19,0.9116816319939771,1.019122205700159,0.7912710290294869
2025-12-22,0.9103328080254554,1.017051858559875,0.7897321453453704
2025-12-23,0.9089605178339797,1.0139006290272083,0.7888064188996431
2025-12-24,0.9088699994960404,1.013597772949805,0.788776071396962
2025-12-29,0.9059969959444871,1.0101210795083906,0.7855297907035799
2025-12-30,0.905788996691884,1.0098993983369506,0.7853053448686204
2025-12-31,0.9056927687441735,1.0096391470416686,0.7856104432878607
2026-01-02,0.9010415968237176,1.0042378321186451,0.7812632973208516
2026-01-05,0.9012422737683391,1.004900139304059,0.7819127149813379
2026-01-06,0.9005300543019907,1.004274943424331,0.7820151793570239
2026-01-07,0.9004902096619293,1.0042666700510927,0.7819606577218964
2026-01-08,0.9001538461359304,1.0042733552211742,0.7818829843613824
2026-01-09,0.9001793253010386,1.0044761963566962,0.7821292874517358
2026-01-12,0.9021828701186746,1.0071587879695347,0.7837645963832576
2026-01-13,0.8988298181487945,1.0038151799261195,0.7810064899995305
2026-01-14,0.8978536932501368,1.0025416112856134,0.7803421213305382
2026-01-15,0.897227733657461,1.0015684570094139,0.7797174494207125
2026-01-16,0.8923885354477468,0.996524716388268,0.7751393913694238
2026-01-19,0.892691172434362,0.9969335773358785,0.775405423331499
2026-01-20,0.8986649728065098,1.0031718907748743,0.7806898657192789
2026-01-21,0.8957128601987567,1.0005645755580304,0.77795300346369
2026-01-22,0.8927557788213628,0.9976912729872766,0.7741911041248153
2026-01-23,0.895928950252729,1.000469261402103,0.7785244206984548
2026-01-27,0.8955813917300498,0.9983849608969395,0.7804597171605507
2026-01-28,0.8958359073786267,0.9982364446205544,0.7811755876621309
2026-01-29,0.8953684507334472,0.9977392880094332,0.7804049207843025
2026-01-30,0.8863278992371248,0.9871224525113805,0.7745132262691676
2026-02-02,0.8966669764930147,0.9967761107369337,0.7875095744820203
2026-02-03,0.8829984039024076,0.9827333179232532,0.7754812943942708
2026-02-04,0.8808496327160554,0.9800162820859283,0.7731015350912731
2026-02-05,0.8804836793343463,0.9792231140664536,0.7735639062423416
2026-02-06,0.8864135985546221,0.9848999180852865,0.7780434134568374
2026-02-09,0.9010828629867321,0.9992574051001814,0.7913904258688196
2026-02-10,0.9000331485080393,0.9981263015736166,0.7904811471140889
2026-02-11,0.8927017959658707,0.9883684409084732,0.7836113859060023
2026-02-12,0.8927032054636459,0.9883522924443058,0.7833932636736832
2026-02-13,0.8951602657561772,0.9913039094854675,0.7853548098416671
2026-02-16,0.8944246199592208,0.9902248259362703,0.7841668146295282
2026-02-17,0.8943177884822264,0.9900010574319287,0.783994445947983
2026-02-18,0.8944113975636553,0.9900903669640267,0.7842998279179628
2026-02-19,0.8904327227242819,0.9864241973174536,0.7816634330736337
2026-02-20,0.8896007805183691,0.9857582136391473,0.7812188044110364
2026-02-23,0.8919487271016427,0.9882458057225301,0.7832197481331801
2026-02-24,0.8923890470258317,0.9885184953704493,0.7836029554439358
2026-02-25,0.8895906376774748,0.9855036554714919,0.7801580214090167
2026-02-26,0.8893429684256335,0.9853046450193139,0.7799060236447034
2026-02-27,0.8869835449714096,0.9827457740632961,0.7772547448154682
2026-03-02,0.8785379899611284,0.9753690171907174,0.7699041829199482
2026-03-03,0.8686768339150277,0.9607652176207417,0.759599207282805
2026-03-04,0.8753006168186955,0.9652742106740515,0.7649356091623858
2026-03-05,0.8806182993071678,0.9724332890295269,0.7692862277921656
2026-03-06,0.8825210209511756,0.9740722370458476,0.7709306884116355
2026-03-09,0.8973305364037979,0.988635100974671,0.7859626336929465
2026-03-10,0.907393403261857,0.9998800453423987,0.7959497767879381
2026-03-11,0.9054100626140767,0.9969563361061574,0.7943532372145031
2026-03-12,0.9009846571950036,0.9907436165922807,0.7901909466674658
2026-03-13,0.9031583239003185,0.9923297747876149,0.7924091604731833
2026-03-16,0.8995314795278075,0.9897615726669168,0.7894256958870269
2026-03-17,0.9018115887680858,0.9918416811180519,0.791747857831554
2026-03-18,0.9014104095869613,0.9913427654707315,0.7914720488026652
2026-03-19,0.9096234231581297,0.9988238241960363,0.7983310283772023
2026-03-20,0.9070005236796477,0.9953979214220707,0.7961385231052339
2026-03-23,0.9112690471219741,0.9992466845364866,0.8018763595488553
2026-03-24,0.9110976077582532,0.9993097457797522,0.80190081968954
2026-03-25,0.913006608374156,0.9997174856086823,0.8026711398208027
2026-03-26,0.9131675741055074,0.9995036771270903,0.8032695812608918
2026-03-27,0.9153456648542775,1.0018799575724235,0.8054236961226935
2026-03-30,0.9183128461355905,1.005886327380548,0.808589068307785
2026-03-31,0.914393019557833,0.9995636598500076,0.8067018132008347
2026-04-01,0.9245194259347469,1.0092496196587055,0.8174422131209582
2026-04-02,0.9226645949285632,1.0068004552289893,0.8151260065069078
2026-04-07,0.9184176645302983,1.0012228389784408,0.81069669377175
2026-04-08,1.0173032577519845,1.0957556012750074,0.9052044103444458
2026-04-09,0.9115837737122762,0.9708783909717104,0.7843378635897473
2026-04-10,0.9071347096908273,0.9643316048512477,0.7811729005111776
2026-04-13,0.9211192925046298,0.9810255522907942,0.7933616924091511
2026-04-14,0.820943510481237,0.8452396148321908,0.6937031396620899
2026-04-15,0.821599251290717,0.8460787925623782,0.693978254253432
2026-04-16,0.8154928366394842,0.8408845891098561,0.689895387954941
2026-04-17,0.816483863621575,0.8419349482249684,0.6911807202272294
2026-04-20,0.8164896775238841,0.8421585257206056,0.6911070494018682
2026-04-21,0.8134744410718666,0.8394034376072615,0.687729622094952
2026-04-22,0.8155266111271973,0.8392434714124372,0.6895915923559993
2026-04-23,0.8137206593781955,0.8311709235982847,0.6897790639851372
2026-04-24,0.8166899727568236,0.8347316526738744,0.6929750378183626
2026-04-27,0.8147995011535094,0.8312056357933733,0.6903497046144303
2026-04-28,0.8113009267976962,0.8267515787168713,0.6868289536392425
2026-04-29,0.8185502988038837,0.834801627758338,0.6944880848014661
2026-04-30,0.8139431384911593,0.829879792779585,0.6896672055138677
2026-05-01,0.8331851138698473,0.8515853448481001,0.7086633825125744
2026-05-04,0.8339919287403805,0.8527172038130565,0.7095902965117612
2026-05-05,0.8346332791432278,0.8535410510454875,0.7098695415908857
2026-05-06,0.8327311789364933,0.8500163445603225,0.707840024113743
2026-05-07,0.8352712186029732,0.8528892178779411,0.7099656834171661
2026-05-08,0.8408402010726664,0.8577897746500202,0.7150931114569827
2026-05-11,0.8397328627783344,0.8562324451318506,0.7139803471384423
2026-05-12,0.8518689186903242,0.866355729333126,0.7244153852471553
2026-05-13,0.8511829193835411,0.8655664152205749,0.7237593004235349
2026-05-14,0.848731979830825,0.8625921384921759,0.7209110412682282
2026-05-15,0.8463414788028779,0.8597601945239226,0.7200831067500859
2026-05-18,0.8556971139072392,0.86867263581278,0.7278274128729844
2026-05-19,0.8550985906018466,0.8680777747877636,0.727303106627809
2026-05-20,0.8606039917419374,0.8732475573796539,0.7321319715920026
2026-05-21,0.8659154421619106,0.8774934310417825,0.7364176087296738
2026-05-22,0.8728124966000324,0.8853725014505525,0.7435757097454682
2026-05-25,0.8746106625652549,0.8872983989823794,0.7450485702083731
2026-05-26,0.8714845135868734,0.8841353853310386,0.7421509123019203
2026-05-27,0.871510627248491,0.8844814744992373,0.7419354120064442
2026-05-28,0.8751152621436099,0.8856475112896008,0.7441679360768029
2026-05-29,0.8765250212231583,0.8845379616084332,0.74373748061672
2026-06-01,0.8797111310927052,0.8879939937018704,0.7466300945864595
2026-06-02,0.8766241355584234,0.8848199987934965,0.7437046899501683
2026-06-03,0.8793092034074038,0.8873112018759256,0.7469788153236924
2026-06-04,0.8836132212599366,0.8896553512476049,0.7491264966659368
2026-06-05,0.865256939640919,0.8733545517143586,0.7366794915755962
2026-06-09,0.869116855150381,0.8780377147131058,0.7413794830116965
2026-06-10,0.8690933729866621,0.8786526019200307,0.7418737291810747
2026-06-11,0.8633852159008317,0.8726122560585401,0.7364133934334306
2026-06-12,0.8750081351811286,0.8829014153617739,0.7457591296642028
2026-06-15,0.8828266288179847,0.8895835413426708,0.752055691597435
2026-06-16,0.8845997261725878,0.8914401836055642,0.7531928822148981
2026-06-17,0.8840705755569841,0.8912169902929797,0.7530874652996615
2026-06-18,0.8935905545184554,0.899871493020471,0.7613862285091422
2026-06-19,0.8942288734876512,0.8999214171390486,0.7616545666486232
2026-06-22,0.8938542100648295,0.899463646430969,0.7612010683025981
2026-06-23,0.8921808853682999,0.8974026013036299,0.7595490612160642
2026-06-24,0.8929415239678956,0.8981686346533065,0.7593861558794693
2026-06-25,0.892963774937882,0.8980446643498438,0.7594138507051839
2026-06-26,0.8938033229919052,0.9001067056681187,0.760709090800789
2026-06-29,0.8949715649065219,0.9012598961448139,0.7624040809915034
2026-06-30,0.8952398886935818,0.9011190622963654,0.7626037022464224
2026-07-01,,,
2026-07-02,,,
